Video link,Video datetime,Video title
paEEpiy816Y,2025-02-19T09:01:04Z,BXB(ë¹„ì—‘ìŠ¤ë¹„) - 'I WISH' Official M/V
mOHtbmf--8I,2025-04-13T09:01:06Z,ì„œìì˜ Seo Jayeong - 4. ê¸¸ On the Trail (Official Lyric Video)
Quw1Vt3g9AE,2025-05-18T15:00:42Z,KISS OF LIFE : 'AWAKENING'
yhJGsHRBh5w,2025-04-11T15:13:42Z,tripleS (ãƒˆãƒªãƒ—ãƒ«S) - Rising (Japanese Ver.) [Official Audio]
11L1XQ9eZzM,2025-04-27T09:01:54Z,Reunion
kXG-oD12g0U,2025-02-20T09:00:10Z,"[SUB] ê°œì½”(Gaeko), ì´ìˆ˜í˜„(LEE SUHYUN) - 'ì¡°ì¡°ë¹„í–‰' M/V"
B7_GataAI80,2025-01-22T03:00:07Z,CATCH THE YOUNG 'ë„Œ ì–¸ì œë‚˜(2025)' Music Video
bbXDg3NhxT4,2025-05-17T09:00:07Z,X:IN(ì—‘ì‹ ) 'Attention seeker' MV
WWaFTtsYcy4,2025-01-27T09:01:31Z,Loser (with LEE DO of ONEUS)
WZWBY8rJSIM,2025-02-10T03:04:31Z,WE CAN BREAK UP THEN (ê·¸ë•Œ í—¤ì–´ì§€ë©´ ë¼)
xjzyabWx9lM,2025-05-06T16:01:26Z,The Rose (ë”ë¡œì¦ˆ) â€“ WRLD | First Spin
Lt8zfb4Mqr0,2025-03-19T09:00:21Z,[MV] 'Not Out' | Dragon Pony (ë“œë˜ê³¤í¬ë‹ˆ) EP [Not Out]
mWlOZ78kxJc,2025-04-28T04:00:47Z,"YAOCHEN(ì•¼ì˜¤ì²œ) ""ä½ çœ‹é£æ™¯æˆ‘çœ‹ä½ "" (EYES ON YOU) M/V"
_L5RqHfY7kw,2025-04-19T13:57:13Z,ì„ë³´ë‚˜(Bona) 'Goodnight' MV
y4ao3hDll1A,2025-01-14T09:02:38Z,ROUND ONE (feat. HAON)
MppJsNkl9k8,2025-03-17T09:02:43Z,Feel The Bass
nhkUPX42wuk,2025-02-12T03:00:41Z,LUE YOUNGHOON (ë£¨ì˜í›ˆ) - ë„ˆëŠ” ë‚˜ì˜ ì¹œêµ¬ì˜€ì„ê¹Œ? (Untold Story) Live Clip
lux_eWJ507Y,2025-04-11T18:32:04Z,We Are The One (with MYNAME)
jgqdpXbYWNI,2025-04-23T09:03:14Z,AMIE SONG (AMIE SONG)
jT3S91N83r4,2025-03-19T09:00:56Z,TEMPEST (í…œí˜ìŠ¤íŠ¸) - Destiny MV
Gh3y9b7S8ZE,2025-02-27T03:03:50Z,A flower (ê½ƒ í•œ ì†¡ì´)
XEalRIYkXng,2025-01-15T09:01:21Z,Lucky
BKOiJ6Cxoy8,2025-02-18T09:00:16Z,ARrC (ì•„í¬) 'nu kidz' MV
27KI1NUxpFA,2025-03-31T03:00:22Z,ìœ ë‹¤ë¹ˆë°´ë“œ - ê³„ì† ì›ƒì„ ìˆœ ì—†ì–´! | Official Music Video
KJ7o-Kj8_as,2025-03-20T09:00:19Z,[MV] ì—ì¼ë¦¬(Ailee) - Illusion
EdoIoUDXPwM,2025-01-22T09:00:06Z,ëª…ì¼ë°©ì£¼ 5ì£¼ë…„ OST 'STAR' (with Raon)
3rkQkpXIYh4,2025-03-06T09:23:00Z,[Official Music Video] í¸ì§€ (Letter) - ê³ íˆ (Gohi)
oEiypM6zs24,2025-03-23T09:04:58Z,Promise You (ëˆˆë¬¼ ë‚˜ê²Œ)
yILL4huky70,2025-02-28T09:04:10Z,"My valentine (From ""SHOW MUSICAL Dream High"") (feat. Jang Dong Woo)"
AWBFEU5MYzA,2025-04-15T12:19:39Z,EPTS(ì—í”½íŠ¸ë ˆë²„ìŠ¤) 'Tab Tab' Official MV
Kp_6iKl_Qtw,2025-03-18T04:00:03Z,j-hope â€˜Sweet Dreams (feat. Miguel) - FNZ Remixâ€™ Lyric Video
sgYOWlKQ6U8,2025-03-13T03:03:48Z,Season Changed
RTTVWPXcd8A,2025-04-16T09:00:00Z,BEAST(HIGHLIGHT)(ë¹„ìŠ¤íŠ¸(í•˜ì´ë¼ì´íŠ¸)) â€˜ì—†ëŠ” ì—”ë”©â€™ | Performance | Off The Stage | 4K
7PlBGuxTAVs,2025-05-09T09:00:20Z,VVS ë¸¨ë¸¨ì—ìŠ¤ 'Purrfect' MV
uCAhSTquvRs,2025-05-07T10:20:38Z,Double 0ne Special Teaser
Sz99FNZJcw8,2025-03-29T14:05:41Z,Effie - open ur eyes (Official Audio)
vaGf8fmtBr4,2025-05-02T04:00:07Z,Maroon 5 - Priceless ft. LISA (Official Video)
D6oSq8vqv3A,2025-02-28T03:06:39Z,Koi Kat ì½”ì´ìº£ 'Let it Show' MV
s0jkEgYXSjo,2025-04-13T14:01:10Z,[ì–¸ì  ê°€ëŠ” ìŠ¬ê¸°ë¡œìš¸ ì „ê³µì˜ìƒí™œ (Resident Playbook) OST Part 2] ì•ˆìœ ì§„ (IVE) - Sunny Day MV
hnrOnOx1ik4,2025-05-07T09:04:56Z,ë°±ì˜ˆë¦°(Yerin Baek) â€˜1-4-3â€™ Live Video
2otiRZ49cmQ,2025-05-19T09:03:44Z,FREE (Intro)
qaN1uvWiRCE,2025-04-08T09:02:20Z,Beautiful Life
mS_ol5Wa8Ac,2025-03-18T09:00:59Z,Candy Shop(ìº”ë””ìƒµ) - TIP TOE MV
8KpvPHcXr1c,2025-01-06T15:00:03Z,ë¯¼ë‹ˆ(MINNIE) - 'Blind Eyes Red' Official Music Video
LnLWM8yHLuQ,2025-05-15T15:00:36Z,XLOV 2nd SINGLE ALBUM [I ONE] CONCEPT SPOILER
gkzaARFOKI0,2025-04-26T07:07:30Z,Molly Yam - WET (feat. Kid Milli) (Official Video)
DLmtaIlOlcI,2025-03-10T09:00:06Z,ê±´ìš°(GUNWOO) - 'SHOT' MV
c5Fc6r4A9d8,2025-05-14T12:15:11Z,XG - MILLION PLACES (Official Music Video)
W3UNdmL0F14,2025-02-28T09:00:45Z,IS:SUE (ã‚¤ãƒƒã‚·ãƒ¥) 'Love MySelf' Track Video
QaKwJQz2ST0,2025-03-18T03:00:19Z,"tearliner, Sunnie (ì¨ë‹ˆ) - My Romantic Waltz Official M/V"
L7V2RhDf_SY,2025-04-17T09:00:33Z,TIOT(í‹°ì•„ì´ì˜¤í‹°) 'FLEX LINE' MV
IozC1HHvkRk,2025-03-16T03:00:13Z,tia (í‹°ì•„) - Saturday? (Feat. ë‹¤ë¹„(DAVII)) Visualizer
r13d3MXosOk,2025-05-22T14:00:00Z,ILLIT (ì•„ì¼ë¦¿) â€˜bombâ€™ Highlight Medley
bnFs-d2eGM0,2025-03-26T03:00:30Z,kursor - 'á„á…¥á†©á„‹á…µá†« á„á…©á†¾(Close To You)' Lyric Video
DnSWoE8x6jg,2025-05-15T09:00:19Z,ë”ìœˆë“œ (The Wind) 'ì•ˆë…• ë‚´ì¼' M/V
LfoIQZf9Hqs,2025-03-24T09:00:22Z,TEN í… 'STUNNER' MV
bewXzQ3nlY4,2025-04-01T03:00:42Z,[MV] ShinEuiJin(ì‹ ì˜ì§„) - Anthem for You(ì´ë³„ì°¬ê°€)(é›¢åˆ¥è®šæ­Œ)
B4mLKcVIERs,2025-01-06T08:59:07Z,BOYNEXTDOOR (ë³´ì´ë„¥ìŠ¤íŠ¸ë„ì–´) 'ì˜¤ëŠ˜ë§Œ I LOVE YOU' Official MV
NYYcTRFlti4,2025-02-04T02:30:13Z,[MV] KEN(ì¼„) _ The wind blows(ë°”ëŒì´ ë¶ˆì–´ì™€ìš”)
wfi1NY5hejg,2025-02-07T03:53:35Z,ì–‘ìš”ì„­ ì–´ì©Œë‚˜ ì´ ë§ˆìŒ
15uk4bRtm1k,2025-05-23T09:00:02Z,ë°•ì¬ë²” (Jay Park) - 'Keep It Sexy (MOMMAE 2) (Feat. JEON SOMI)' Official Audio
paDBr03iiTc,2025-02-06T09:01:03Z,RISABAE(ì´ì‚¬ë°°) â€˜Plastic Girlâ€™ Lyric Video l ì´ì‚¬ë°°(RISABAE Makeup)
JLqXeMabsEQ,2025-04-21T09:00:26Z,KAI ì¹´ì´ 'Wait On Me' MV
xEeROqUidGg,2025-02-18T09:00:09Z,ì˜¨ì•¤ì˜¤í”„(ONF) 'The Stranger' MV
6dUGLfqrrOc,2025-04-30T15:00:10Z,tripleS(íŠ¸ë¦¬í”Œì—ìŠ¤) â€˜ê¹¨ì–´â€™ Teaser (Care Ver.)
phTLVfMhwEI,2025-02-19T09:00:03Z,LUN8 ë£¨ë„¤ì´íŠ¸ - ë‚˜ë¹„(Butterfly) M/V
Rrmrm11L1ss,2025-02-14T03:03:30Z,MY LOVE
kuEYteqHlCo,2025-03-24T09:00:54Z,FIGHT ME
iE8YIT5xx1Y,2025-04-04T09:01:48Z,Light It Up
9NaAOD5hET4,2025-04-07T09:00:13Z,[MV] JUNNY (ì£¼ë‹ˆ) _ POV
lTESlQNkd5I,2025-03-27T09:00:04Z,[MV] LUCY - ì ê¹¨ / ENG sub
1iOB4quhJ38,2025-02-10T10:04:38Z,We;Na World
6TrrwyoLKns,2025-03-28T04:00:07Z,KEVIN WOO 'Deja Vu' (Official Video)
1Qb6ETxzM6M,2025-03-19T09:04:15Z,Existence (JP Ver.)
f2ILvf-JKBY,2025-02-12T16:00:07Z,Jackson Wang - High Alone (Official Music Video)
CY0_asTdF8c,2025-02-28T09:02:26Z,. (dot)
5tItlYBJwro,2025-05-23T12:00:11Z,ê°•ë‹¤ë‹ˆì—˜(KANGDANIEL) - [Glow to Haze] Exhibit Intro Film
nSCBqBGkRCI,2025-02-17T09:03:27Z,My Memory
rX-Qd61a-mA,2025-03-25T03:00:49Z,[MV] Kim Yoon Hee(ê¹€ìœ¤í¬) _ To Be Forgotten(ìŠí˜€ì§€ëŠ” ê²ƒ)
nPoL3GwHrEQ,2025-02-18T09:00:53Z,XODIAC ì†Œë””ì—‘ â€œTIME 2 SHINEâ€ Official MV
ahEVtg_2DiA,2025-03-29T09:00:03Z,á„á…®á„‹á…¢á†«á„‡á…µ 2NB - á„’á…¡á†« á„€á…¥á†¯á„‹á…³á†·á„Šá…µá†¨ á„†á…¥á†¯á„‹á…¥á„Œá…µá„‚á…³á†« á„‚á…¥á„‹á…¦á„€á…¦ Moving Away (Special Clip)
nXsFh8KKHMI,2025-05-06T15:01:21Z,KIIRAS (í‚¤ë¼ìŠ¤) â€˜KILL MA BO$$â€™ Promotion Video
LsN6YbpxM8o,2025-05-11T14:00:36Z,[ì–¸ì  ê°€ëŠ” ìŠ¬ê¸°ë¡œìš¸ ì „ê³µì˜ìƒí™œ OST Part 9] íˆ¬ëª¨ë¡œìš°ë°”ì´íˆ¬ê²Œë” - ê·¸ë‚ ì´ ì˜¤ë©´ M/V
NV_FhT9P4N4,2025-02-14T03:04:31Z,Schedule
l0FN57qRc3I,2025-04-22T18:29:48Z,The Deep - Angel Tattoo (Official Video)
OxIcVgtrH0M,2025-02-03T03:04:01Z,I HEARD IT THROUGH THE GRAPEVINE (í’ë¬¸ìœ¼ë¡œ ë“¤ì—ˆì†Œ)
R9k40DYo0ZY,2025-05-25T09:03:19Z,Go On
JfH_Jb8_BOk,2025-04-07T09:00:01Z,FIFTY FIFTY (í”¼í”„í‹°í”¼í”„í‹°) 'Perfect Crimeâ€™ Official Lyric Video
dyjuKLX7LY4,2025-03-05T09:00:46Z,Alice (Alice)
EtzrSHUkFVg,2025-02-17T09:00:16Z,[ë¬´í¸ì§‘ë³¸] ì´ìŠ¹ë¯¼ X ê¹€ì˜ˆì°¬ X ì •ë‚¨ë„ ğŸµë‹¬ë¹›ì— ê·¸ë ¤ì§€ëŠ”ğŸµ #ì–¸ë”ì»¤ë²„
3_qLj26nWFk,2025-04-21T10:00:06Z,GBAD (jasontheween Remix)
07g_tnrD-sY,2025-02-26T03:00:00Z,ê·œë¹ˆ(GYUBIN) - LIKE U 100 (Official Music Video)
SpCtbugkdGc,2025-02-14T09:00:06Z,IRISEÌ - á„‚á…¡á†¯á„€á…¢ (Wings) Official MV
gTxX2EvHSsM,2025-05-14T03:00:03Z,Rush Hour (Rerecorded)
E5JA0k9RVcE,2025-03-20T09:04:59Z,jamesdean
DCKT1OSGegc,2025-01-27T13:00:15Z,"Genick, Jacotanu, The Deep - Gasoline â˜†â˜†â­‘â­‘âœ«"
XvKK2Fbo0Cc,2024-10-01T11:00:10Z,ì‚¬ë‘ì´ ëª°ê¹Œ.. â™¥ - í•œí¬ [M/V]
eWAdpUyzCkI,2025-02-21T05:00:40Z,"JENNIE, Doechii - ExtraL (Official Video)"
9RBxUt4U1Rc,2025-04-10T09:02:29Z,The Most Ordinary Feelings
ua7-3khdsJ0,2025-04-02T09:04:35Z,Close Your Eyes
DxMu1pv8b9Y,2025-01-13T09:00:01Z,GFRIEND (ì—¬ìì¹œêµ¬) 'ìš°ë¦¬ì˜ ë‹¤ì •í•œ ê³„ì ˆ ì†ì—' OFFICIAL MV
RjJTiajpyrA,2025-04-21T11:00:03Z,&TEAM 'Go in Blind' Official MV
Vu9e3vOuXqQ,2025-05-01T11:00:02Z,ë°±í˜„ (BAEKHYUN) Concept Film | Essence Ver.
3nMOUzBZ0ZI,2025-04-08T15:00:08Z,Kep1er ì¼€í”ŒëŸ¬ | 'Yum' M/V
I_msu2-4UAU,2025-04-08T09:00:31Z,ifeye (ì´í”„ì•„ì´) â€˜NERDYâ€™ MV
M3TnAn9uVEI,2025-03-14T14:58:07Z,[FIX OFF] Desire Project #2 'AUTOBAHN (Feat. ìœ¤ë¯¼)' | ATEEZ(ì—ì´í‹°ì¦ˆ) ë¯¼ê¸°
VXn7C9vGs4k,2025-03-03T09:00:38Z,[ë¬´í¸ì§‘ë³¸] ê¹€ì˜ì„œ X ì´ì¤€ âŸ¨ì•„ë§ˆì¶”ì–´âŸ© #ì–¸ë”ì»¤ë²„
_XVeYyB3yQk,2025-04-27T16:02:30Z,æ¢¦ä¸çœ ï¼ˆDreamlessï¼‰
yY34DOWXSzg,2025-01-12T09:02:30Z,í•´ë°”ë¼ê¸° (Sunflower)
9_AIpHmjwvY,2025-05-14T11:00:01Z,aoen â€˜The Blue Sunâ€™ Concept Video 2 | Night ver.
9BXF8gSpEwY,2025-01-20T09:00:02Z,ZEROBASEONE (ì œë¡œë² ì´ìŠ¤ì›) 'Doctor! Doctor!' MV
VWArEaFc7vk,2025-03-04T09:00:07Z,á„á…¬á„‹á…²á„…á…µ - á„‹á…¬á„…á…©á„‹á…®á†·á„‹á…µá„…á…¡á„‚á…³á†« á„€á…¥á†« [Official Lyric Video]
nz2_gNQDiVM,2025-05-18T11:00:06Z,ì´ì„¸ê³„ì•„ì´ëŒ (ISEGYE IDOL) 'STARGAZERS' Official MV
y3FgAAgMR2A,2025-05-06T15:01:45Z,Ghost
faPzDGLwD6M,2025-04-19T14:00:57Z,[ì–¸ì  ê°€ëŠ” ìŠ¬ê¸°ë¡œìš¸ ì „ê³µì˜ìƒí™œ (Resident Playbook) OST Part 3] ìœˆí„° (WINTER) - ê·¸ëŸ° ë‚  (On Such a Day)  MV
X-j_GJyLkFQ,2025-03-26T15:00:46Z,ë°±ì§„ (BEAK JIN) - 'WEAVE HERE (Prod. Weave)'MV
Q26G1oYmokU,2025-03-19T03:02:21Z,Let It Shine (Let It Shine)
YQwTOpvcTYU,2025-04-11T04:38:27Z,JENNIE - like JENNIE (Peggy Gou Remix) [Official Visualizer]
0am8__P17S4,2025-05-15T12:00:02Z,TWS (íˆ¬ì–´ìŠ¤) 'ã¯ã˜ã‚ã¾ã—ã¦' Concept Film A
Cw7xD50lG-0,2025-04-11T03:04:13Z,HIGHLIGHT (GARBAGE TIME)
Li6POmFRAdQ,2025-04-08T15:04:20Z,Tick-Tack
yWE3n8QMgFE,2025-02-13T03:01:21Z,Waterworks
De_2f4iBu9I,2025-05-12T09:00:26Z,ë¹„ë¹„ (BIBI) - ì¢…ë§ì˜ ì‚¬ê³¼ë‚˜ë¬´ (Apocalypse) Official M/V Teaser
5TaIglIkDR4,2025-03-03T05:00:05Z,"ë°±í˜„ (BAEKHYUN), UMI, EL CAPITXN â€˜Do What You Doâ€™ Official Lyric Video"
kW1e8NtdW90,2025-03-07T04:59:06Z,j-hope â€˜Sweet Dreams (feat. Miguel)â€™ Official MV
kNITt0i55NI,2025-02-10T09:00:07Z,EVNNE (ì´ë¸) â€˜HOT MESSâ€™ Official MV
QHerQr9njW8,2025-01-23T09:02:13Z,ì‚°ì±…
H2IbC8uptL8,2025-05-22T09:00:33Z,ì´ìŠ¹í˜‘ (J.DON) 'ë§í•´' MV | Official
jRBCLqFZM0s,2025-03-25T15:00:56Z,CRAVITY 'Jelly Bean' Music Video
meF_z30a4Us,2025-03-28T10:00:06Z,MPRISM ì— í”„ë¦¬ì¦˜ 'KNOCK DOWN' MV
QZpIWZC64NY,2025-03-11T10:03:19Z,Fantasy JAPANESE ver.
R2-yomhYAj4,2025-04-30T03:58:07Z,"KATSEYE (ìº£ì¸ ì•„ì´) ""Gnarly"" Official MV"
z5LtoulbOTQ,2025-03-15T03:01:00Z,[OA] IN A MINUTE - Unbox | Official Audio
88GkYKvnvvI,2025-03-31T08:58:07Z,izna 'SIGN' MV
JXfqzAEHJqQ,2025-04-28T09:00:01Z,ì²¸ (CHEN) 'Broken Party' MV
UT-5fV-y0lc,2025-04-17T09:00:42Z,ì†Œë€(ğ—¦ğ—¢ğ—¥ğ—”ğ—¡) ğ——ğ—¦ 'ë„ˆì˜ ë“±ì¥' ğ—¢ğ—³ğ—³ğ—¶ğ—°ğ—¶ğ—®ğ—¹ ğ— ğ—©
zA0kX7V5x30,2025-04-19T09:01:19Z,Apink ì—ì´í•‘í¬ â€˜Tap Clap' MV
JNOlzryxU6E,2025-02-20T09:00:17Z,[Official Audio] CHÃN - SAUCY
3QZ7HvAkIeg,2025-03-08T09:01:35Z,Don't Get Away From Me
YO1yO_9H264,2025-03-14T09:00:48Z,OFF-ROAD
aHTI0SXGVS0,2025-03-10T09:00:00Z,XG - IS THIS LOVE (Official Music Video)
wHeughaw2Bo,2025-03-24T09:01:08Z,2Z(íˆ¬ì§€) / 10 Seconds [í—ˆì‹ë‹¹ OST Part.1]
9Zrt94Tu2gU,2025-01-22T03:16:32Z,[MV] KAYA(ì¹´ì•¼) - ROCKSTAR
4yskOyyQuZg,2025-04-23T09:02:14Z,YaYaYa (ì•¼ì•¼ì•¼)
7f-huvfmPWo,2025-01-16T09:03:33Z,Winter (ê²¨ìš¸)
CgzZd6_BwE8,2025-01-23T09:03:21Z,hellbound
r139uUveYbk,2025-04-29T09:04:15Z,ANTMIL (Reggae Version)
JzxMUAca2Ww,2025-01-31T09:41:59Z,RE:REVOLUTION `ë“±ì¥' Official Audio
vHzmHaO5WHw,2025-04-09T09:01:14Z,ê°•ë‹¤ë‹ˆì—˜(KANGDANIEL) - Mess Special Video
yZVaz1LbC28,2025-04-30T09:00:02Z,ë°•ìš°ì§„ (PARK WOO JIN) 'Cool & Hot (feat. í•˜ì„±ìš´)' M/V
1ZX1vEDTfY4,2025-04-29T09:00:02Z,FIFTY FIFTY (í”¼í”„í‹°í”¼í”„í‹°) 'Pookie' Official MV
2Pn-fgHmmB4,2025-03-14T04:00:25Z,Born Fire
Hf2wjEU2rzo,2025-05-19T15:00:17Z,DOYOUNG ë„ì˜ 'ê¹Šì€ ì  (Wake From The Dark)' Intro Video
UUFJlUy5aA4,2025-04-19T09:00:10Z,ì•„ìŠ¤íŠ¸ë¡œ(ASTRO) - ê¿ˆì†ì˜ ë¬¸(Moon) : Memory of the Moon
IPkbuxQdDHs,2025-04-22T03:00:18Z,ìœ í¬ë„ (Yoo HeeDo) 'NADU' Official Music Video
vHJRU06ago4,2025-05-03T03:04:46Z,an alley
OawX90ELl0A,2025-02-16T03:00:18Z,AWIN (ì—ì´ìœˆ) 'Hashtag(#Cheese)' Official  MV
qtTs8OtiN38,,
z6AhbFIToHo,2025-04-07T05:42:48Z,Dooboo - Full Moon (Official Video)
srD07LVWxBw,2025-03-23T03:04:51Z,Probity
i0jE5ybKoxw,2025-02-09T15:00:51Z,Rock Hyeon 2nd digital singleã€ŒãŸã ã€å›ã€ Music Clip
sLMXW_Dij50,2025-03-17T03:58:07Z,LE SSERAFIM (ë¥´ì„¸ë¼í•Œ) 'HOT (English ver.)' OFFICIAL PERFORMANCE FILM
15CBNC4k_t0,2025-04-08T09:00:01Z,ê±´í¬(ONEUS) 'I Just Want Love' MV
KIQlIcqgZ3Y,2025-03-27T09:00:28Z,RE:REVOLUTION `ì „íˆ¬' Official Audio
7hdCjdBJzd8,2025-02-28T03:00:08Z,NOMAD á„‚á…©á„†á…¢á„ƒá…³ 'CARNIVAL' Official Audio
_ivLUJ3R62U,2025-02-05T09:00:44Z,CRASH (CRASH)
3YtxooWlLg8,2025-04-13T15:04:46Z,Talk that Talk -Japanese ver.-
8AN66zZYLw8,2025-05-01T15:00:01Z,i-dle (ì•„ì´ë“¤) 'for (G)'
L__ITOj-g8E,2025-01-05T15:00:07Z,"KickFlip(í‚¥í”Œë¦½) ""ì‘ ê·¸ë˜ (Umm Great)"" M/V"
q5RUiHemQTc,2025-04-01T09:00:55Z,Ending Credit
PVbqyKzfAjI,2025-02-07T09:00:28Z,"MADEIN - ""SATURN"" MV"
u7uko6XB2nQ,2025-05-13T09:03:39Z,123-78
69QCKEYOAZs,2025-03-06T09:00:06Z,GENBLUE (ì  ë¸”ë£¨) â€˜ACT LIKE THATâ€™ MV
pobuSZAwnVQ,2025-03-06T09:00:56Z,Heat it Up (Heat it Up)
IVd1ZkT52No,2025-05-12T03:00:18Z,Brad - Overkill (Official Visualizer)
622IHoirJ0I,2025-04-26T10:03:36Z,GBAD (feat. MILLI & YOUHA) (Remix)
SVppOV0D3TE,2025-05-08T16:22:07Z,Effie - MORE HYPER (Official Video)
ECqGCH1TfLY,2025-03-21T03:59:08Z,j-hope â€˜MONA LISAâ€™ Official MV
23urWKmHS6o,2025-01-31T05:00:06Z,JENNIE & Dominic Fike - Love Hangover (Official Video)
_mCfGAoQu64,2025-03-20T09:02:29Z,mee6
0fyZqS0N19o,2025-05-07T09:00:03Z,"DAY6(ë°ì´ì‹ìŠ¤) ""Maybe Tomorrow"" M/V"
dixyMxnPuoA,2025-03-04T09:04:30Z,High Horse
g90DxFzbtDE,2025-03-03T03:00:39Z,YONA - 'P.I.N.K (Piece I Never Knew)'  Official 'MV'
oZJ3qBZtkUE,2025-03-13T09:00:55Z,AEONIT(ì´ì˜¤ë‹›) 'ëì—†ëŠ” ê¿ˆ(ENDLESS DREAM)' OFFICIAL MV
QBf1XRP0Lqg,2025-05-14T09:00:07Z,[TUZI] - CROSS ROAD | Official Video
CKfsUNKMy7I,2025-04-08T09:00:13Z,ì•°í¼ìƒŒë“œì› (AMPERS&ONE) 'Kick Start' MV
YVqqq5HOJdo,2025-01-09T09:02:21Z,Skyfall
WFUMZiFKXgU,2025-05-08T03:01:44Z,ë°ì¹¼ì½”ë§ˆë‹ˆ
ZqxQkj9ONZY,2025-03-10T03:01:33Z,SCOOT
PUmBzV4v9TI,2025-03-12T11:24:13Z,NEWBEAT(ë‰´ë¹„íŠ¸) 'HICCUPS' MV
yww6-DdwshY,2025-03-17T09:01:12Z,Min Jiwoon ë¯¼ì§€ìš´ 'If You Were The Rain (feat. Crush)' MV
vmL-XgxwQZU,2025-05-01T09:01:18Z,RIIZE ë¼ì´ì¦ˆ 'Bag Bad Back' MV
UdS3gV0_MA8,2025-02-28T05:00:06Z,ADÃ‰LA - MACHINE GIRL (Official Music Video)
I6YYqKY2pz8,2025-05-19T09:03:56Z,I want you to
drZOObEtXXg,2025-01-20T03:01:18Z,MY HOUSE (ìš°ë¦¬ì§‘)
hAEfi_SKTEU,2025-02-16T13:30:13Z,KiiiKiii í‚¤í‚¤ 'I DO ME' MV
knUmm-6S7k4,2025-04-10T09:00:55Z,ì—ì´ìŠ¤ (ACE) 'MINHA RAZÃƒO' MV
zPmSwXMQtRk,2025-03-17T09:00:08Z,ME:I (ãƒŸãƒ¼ã‚¢ã‚¤) âŠ¹ 'MUSE' Official MV
dJKPYTCDoCY,2025-04-29T09:00:03Z,ì¥í˜„ìŠ¹ (Jang Hyun Seung) - 'ê¶¤ë„(Orbit)' Official Music Video
x7LfHZ5ohb4,2025-02-22T09:01:05Z,SUMMER CAKE - False Love Official Audio
KeC8J-xV7fk,2025-01-14T09:00:19Z,ONEUS(ì›ì–´ìŠ¤) 'IKUK' MV
EnvbIF1fgdk,2025-03-04T03:00:11Z,"tripleS (íŠ¸ë¦¬í”Œì—ìŠ¤) - PainDrop (by ì„œì—°, ì§€ìš°, ìœ ë¹ˆ, ì†Œí˜„) (ì„ ì˜ì˜ ê²½ìŸ OST) [Music Video]"
3uBTOeens6Q,2025-05-20T09:00:05Z,ìœ¤ì§€ì„±(YOON JI SUNG) - 'í•­í•´ (Voyage)' (Official Video)
yyHJh9Pqz_c,2025-03-27T15:00:11Z,ê¶Œì§„ì•„ ì •ê·œ 3ì§‘ 'The Dreamest' : Album Trailer | Kwon Jinah 3rd Album 'The Dreamest'
ZI6yioD546w,2025-03-25T09:00:47Z,ì •ì˜ˆì¸(Yein) 'ë‚˜ì˜ ë‚˜ë§Œì˜ ê·¸ëŒ€' M/V
WEHat15GwLY,2025-03-27T02:59:00Z,EASTSHINE(ì´ìŠ¤íŠ¸ìƒ¤ì¸) â€˜Lucky Tonightâ€™ OFFICIAL MV
ZHGK4JBZKT4,2025-04-01T03:00:43Z,ìœ¤ì„œë ¹ (Yoon Seoryeong) 'ìŠ¬í”ˆ ê°€ì•¼ê¸ˆ' MV | Official
9jbOtjHis2A,2025-01-25T03:00:09Z,ğŸ§ MV | My playlist #3 [ê·¸ë‚ ë“¤] ã…£ Kim Yoon Hee - Those Days
4OgcZEHVV8A,2025-04-30T03:00:04Z,CATCH THE YOUNG 'The Young Wave' Music Video
wBHofKoOmRI,2025-04-24T03:01:04Z,ê°•í˜œì—° (Kang Hyeyeon) _ ëª°ë¼ë„ ë„ˆë¬´ ëª°ëë„¤ official video
sL0pCS6K9bc,2025-04-28T08:59:59Z,MEOVV(ë¯¸ì•¼ì˜¤) - â€˜HANDS UPâ€™ M/V
tS1410lTGKQ,2025-05-15T09:01:36Z,ì´ì§€ì¹´ì´íŠ¸ (Izykite) - Reuben [Live]
bw9ZJQS79AI,2025-04-21T03:00:44Z,Yellow Light (Ray Remix) - ì‹ ì§€ìœ¤ (Shin Jiyoon) Official video
1fREMIhh7c4,2025-04-03T10:03:37Z,TV Families
IuqRbHKtk_w,2025-03-26T04:00:15Z,MARK ë§ˆí¬ 'í”„ë½ì¹˜ (Fraktsiya) (Feat. ì´ì˜ì§€) [DJ co.kr & h4rdy Remix]â€™ Visualizer
oV3-zre57mw,2025-02-10T10:01:59Z,Phoenix
ObNohVnJZwM,2025-02-28T09:05:09Z,ë ˆëƒ Original song ï½œë„ˆë¥¼ ë‹®ì€ ê¸°ì–µ
MD7a8erZAko,2025-05-18T09:00:28Z,[Official] 2am - ì•„ë¦„ë‹¤ìš´ ë‚ ë“¤ Special clip
zcVEu2bSZas,2025-03-26T03:00:54Z,[MV] ì§„í˜„ì¤€ - ë‚˜ì˜ ì‹ ë¶€ì—ê²Œ (Dear my bride)
C_T3lbBo6Jo,2025-02-28T03:02:34Z,Effie - ì½”ì¹´ì½œë¼(coca-cola) **senior video**
XTDjhReAp8A,2025-05-15T09:02:18Z,Chocolate
fyZ9rm1KvHQ,2025-05-12T15:01:06Z,[ì¬ì°¬ JAECHAN] 2nd Mini Album 'JCFACTORY vol.2' Highlight Medley
JY0UTOgh8M8,2025-01-20T09:00:07Z,"KickFlip(í‚¥í”Œë¦½) ""Mama Said (ë­ê°€ ë˜ë ¤ê³ ?)"" M/V"
IPkjwbS8VYk,2025-04-30T03:01:53Z,What kind of relationship are we (ìš°ë¦° ì–´ë–¤ ì‚¬ì´ì•¼)
IAnuBDe1g0M,2025-01-27T03:02:35Z,Our past when love began (ì‚¬ë‘ì´ ì‹œì‘ëœ ìš°ë¦¬ë“¤ì˜ ì§€ë‚œë‚ )
bgblQb-XFFY,2025-01-07T09:00:40Z,XLOV ì—‘ìŠ¤ëŸ¬ë¸Œ 'Iâ€™mma Be' MV
0RlwcgFJKxo,2025-03-19T12:00:06Z,ONE OR EIGHT /  DSTM   (Music Video)
Gim17pWLWRs,2025-03-14T14:00:05Z,[Pre-debut] AtHeart ì•³í•˜íŠ¸ - Good Girl (AtHeart)
QP9oFkAHLw4,2025-01-09T09:00:28Z,[MV] Element(ì—˜ë¦¬ë¨¼íŠ¸) _ The Way I Love (Who Is She OST Part.7) (ìˆ˜ìƒí•œ ê·¸ë…€ OST Part.7)
TamDOXponnM,2025-03-10T08:58:22Z,"YEJI ""Air"" M/V"
FvSvoZatrtw,2025-02-26T09:01:47Z,Polar star
6VgYBcKFwac,2025-05-06T15:00:10Z,Red Velvet - IRENE & SEULGI 'TILT' Brand Film
oSaz5dJFKQs,2025-01-22T09:04:22Z,Bittersweet
yy8tHUW5bhU,2025-01-30T10:01:11Z,HESONOO + X-GENE x XDM
dAvDMSPt7BM,2025-03-19T09:00:22Z,MARK ë§ˆí¬ '+82 Pressin' (Feat. í•´ì°¬)' MV
q84KnMzsM5E,2025-02-10T09:22:04Z,ìš°ì„(WOOSEOK) 'ROMANCE' M/V
iKpyqlwnWfM,2025-04-25T03:01:52Z,ddoO ddoO (ëšœëšœ)
1b61-ddiufM,2025-02-03T03:04:20Z,AN OLD SONG (ì˜¤ë˜ëœ ë…¸ë˜)
VMYDoWj59qo,2025-01-17T03:01:00Z,MV | 2Z (íˆ¬ì§€) - Not too late | ì½”ë“œë„¤ì„ B OST Part.1
jy0qJC6IbgY,2025-03-17T09:09:05Z,NMIXX(ì—”ë¯¹ìŠ¤) â€œHigh Horseâ€ (Official Audio)
kYzX8dvFkdw,2025-01-24T04:01:06Z,Starry Night (Orchestra Version)
vTU8orIArcM,2025-04-20T09:02:33Z,Drive or Die (í¬ë”ëª¨ì–´ X ë“œë¼ì´ë¸Œ ì¸ íƒ€ì´í˜ì´)
0dGB3fS0MXg,2025-01-10T11:00:02Z,ZEROBASEONE (ì œë¡œë² ì´ìŠ¤ì›) ë°•ê±´ìš± â€˜Placeboâ€™
xQn_Jz2hKKs,2025-04-14T09:01:21Z,ê¶Œì€ë¹„(KWON EUNBI) 'Hello Stranger' M/V
YNoXkrM00lk,2025-05-22T03:00:39Z,Shin Jiyoon ì‹ ì§€ìœ¤ - 'Did You Love Me?' Official music video
1AhQGtlTqiE,2025-01-09T09:00:04Z,[MV] Whee In(íœ˜ì¸) - Aftertaste(ì´ë³„ì˜ ë§›)
WxnMeZBGk9k,2025-03-09T03:03:22Z,Plain
_Cd3thaEG7E,2025-02-09T15:00:44Z,CRAVITY 'Jelly Bean' Official Audio
rbeLnRZAiI4,2025-03-11T14:00:06Z,The Deep -  Make Up â€ official gyaru MV â€
y1bNfSi3UVY,2025-04-07T03:00:50Z,(eng/sub) ê¶Œìˆœê´€ KWONSOONKWAN - ìš°ë¦¬ì˜ ê¸°ì–µ with ì¢…í˜¸ JONGHO(ATEEZ) LIVE CLIP
eHCYzIu-ij4,2025-02-03T09:20:04Z,PLAVE 'Chroma Drift' Official Audio
CIPxgin0hxg,2025-01-05T03:00:01Z,JUST B (ì €ìŠ¤íŠ¸ë¹„) 'Still I Luv You' Lyric Video
cEWYsA22150,2025-03-28T09:00:08Z,ì´ì ¤(EJel) 'ë´„ì€ ë‚´ ì•ˆí‹°â€™ Live Clip
WvkepQSuJsk,2025-05-21T09:04:04Z,First Love (ì²«ì‚¬ë‘)
ZDBZijxwnzg,2025-03-27T04:58:59Z,aespa (ì—ìŠ¤íŒŒ) - Whiplash (English Ver.) [Official Audio]
ctEuMgQYulQ,2025-03-28T03:00:35Z,AVION - 'RUNWAY' MV
7SupqyXe96s,2025-01-10T09:00:12Z,VVUP (ë¹„ë¹„ì—…) â€˜4 Lifeâ€™ (Official Audio)
YrsKPJr4bTU,2025-02-26T12:00:50Z,UN1CON / JUMP (Official Music Video)
Y2x64p1dOtA,2025-05-02T03:01:58Z,"ë‹¤ì‹œ, ì•ˆë…•"
KNf8Vs1aJJY,2025-04-07T09:01:48Z,í™˜ (å¹») (hyperpnea)
YfYrnaPWybA,2025-02-26T09:04:22Z,Sparkle (Sparkle)
-DBuQz_sEZ4,2025-02-08T09:04:40Z,
RVF5vVgbfEc,2025-03-25T13:00:42Z,ã€Lyric Video | ë¦¬ë¦­ë¹„ë””ì˜¤ã€‘ IHOTEU(ì´í˜¸í…Œìš°) - Eskhatos
0Xw6kkgNbZ8,2025-04-07T08:59:59Z,MOON SUA X SIYOON (Billlie) | 'SNAP (feat. sokodomo)' M/V
5SPkKhMeNjI,2025-01-23T09:00:10Z,"ì¿ ê¸° (Coogie) - â€˜1,2,3,4,5â€™ (Official Visual)"
fLi0EJfi_vg,2024-11-22T05:00:11Z,G-DRAGON - HOME SWEET HOME (Official Audio) (feat. TAEYANG & DAESUNG)
UFZTU8I0McQ,2025-05-09T09:00:53Z,Samuel - ROCKSTAR [Official Music Video]
JtqjGtV-rqk,2025-01-23T09:00:19Z,01. ç´„æŸ(Promise) | Official Video
9IUJZrDGp34,2025-04-15T09:01:56Z,Spooky
lclAVNOpCHU,2025-02-04T15:00:16Z,[MV] ë¬¸ë³„ (Moon Byul) 'ã»ã—ã‚ã‹ã‚Š (Hoshiakari)'
F8eK4IO_wnI,2025-04-24T03:03:10Z,I Don't Give A What
D03wn7WR4w0,,
MbDoupKadZE,2025-03-28T09:00:16Z,I.M (ì•„ì´ì— ) - 'Don't Speak' Official Visualizer
zSkLTFz_Pok,2025-02-13T08:59:56Z,ILHOON - moonwalk (Official Live)
IUaBNUpiIsM,2025-04-11T03:00:21Z,MV | AIMERS - DIVE INTO YOU
OGB2xc8fuFs,2025-02-12T09:00:24Z,í€ì¹˜ (Punch) - ì•„í”ˆ ì¶”ì–µì€ ì‚¬ë‘ì´ ì•„ë‹ˆì—ˆê¸°ë¥¼ (I Hope the Painful Memories Werenâ€²t Love) MV
_0f5FjEQzsg,2025-03-28T09:00:06Z,Hebi - 'ëŠ˜ (EVER)' Official MV
5RM1LxYiY-I,2025-05-07T09:00:14Z,DAZBEE (ãƒ€ã‚ºãƒ“ãƒ¼) | â€˜ã‚·ãƒ³ãƒ‘ã‚·ãƒ¼ (Sympathy)â€™ M/V Teaser
VNeiFeUa4kw,2025-01-22T09:00:03Z,[LiveClip #1] ëˆˆë¬¼ì´ ë‚œë‹¤ - ì†¡ê°€ì¸
e-FVN-RQOGo,2025-04-02T09:00:48Z,[MV] ì†”ë¼ (Solar) 'WANT'
JoQ8SA1Mj_U,2025-04-28T10:10:25Z,NCT CHENLE 'æ³ªæ¡¥ (Tear Bridge)' Lyric Videoï½œTMEè…¾è®¯éŸ³ä¹
6lKNuvZK2oA,2025-03-16T21:00:05Z,HORI7ON(í˜¸ë¼ì´ì¦Œ) â€˜COLDâ€™ M/V
RkPj6AnKm0Y,2025-03-31T09:00:02Z,"NiziU(ë‹ˆì¥¬) ""LOVE LINE (ìš´ëª…ì„ )"" M/V"
DD4qqoq5Rwk,2025-03-07T05:00:07Z,AleXa 'sugarcoat' Official Music Video
XyN02FY0Cf0,2025-05-11T15:00:01Z,ì§„ (Jin) â€˜Echoâ€™ Highlight Medley
RCT5Kbo_noo,2025-03-31T09:00:24Z,WE ARE THE YOUNG
ygyxAjRl320,2025-03-28T04:01:29Z,Make You Shine (English Version)
Lo8pkle6Nnw,2025-04-15T03:00:32Z,[MV] Adios Audio - Star415(ë³„ë“¤415)
uR6IfFiP9r0,2025-05-20T08:15:04Z,Gohi (ê³ íˆ) - Nirvana Teaser Ver. 2
4no_auZ_WtY,2025-04-30T09:00:07Z,í˜„ì•„ (HyunA) - ëª» (Mrs. Nail) (Official MV)
S7ehuBG-OP4,2025-02-23T09:00:34Z,ASTRO ì•„ìŠ¤íŠ¸ë¡œ - 'Twilight' MV
-bG79y0_x8M,2025-01-31T09:00:00Z,[MV] Solji(ì†”ì§€) _ La Festa(ë¼í˜ìŠ¤íƒ€)
uHNZvTItgi0,2025-03-21T09:01:19Z,[Official Audio] ìœ ë¼(youra) - 1.15ì‚´(15 Years Old)
VeVMxJfMcLk,2025-02-27T10:03:17Z,INSTANT LOVE
iKSo8shldrI,2025-04-09T09:01:00Z,ì˜¤ë§ˆì´ê±¸(OH MY GIRL) 'Oh My' MV
qlgEadao-Sk,2025-02-13T15:00:12Z,ILLIT (ì•„ì¼ë¦¿) 'Almond Chocolate' Special Film
eKUspIkf-GA,2025-03-02T09:00:46Z,My Destiny
zsUiginWJXM,2025-04-30T09:01:23Z,[MV] ANODE - ê·¸ëŒ€ë¡œ í•´ì¤˜ (Feat. ë¬¸ìˆ˜ì•„ of Billlie)
P7L4r3x09R8,2025-03-16T09:00:28Z,[MV] ì •ì€ì§€ x ì„œì¸êµ­ ì»¤í”Œ (Couple) - Special single Official Music Video
r4aDVKIPurQ,2025-02-17T09:00:58Z,[ë¬´í¸ì§‘ë³¸] ì´ì¤€ X ë„ëŒ€ìœ¤ X ì‹œì†Œ ğŸµì¶”ì–µì†ì˜ ê·¸ëŒ€ğŸµ #ì–¸ë”ì»¤ë²„
7G6_avXknCk,2025-05-08T09:00:01Z,P1Harmony (í”¼ì›í•˜ëª¨ë‹ˆ) - â€˜DUH!â€™ MV
_XztsB7PIIA,2025-01-03T05:30:13Z,BOMBING (ë°”ë°) 'ETERNAL FLAME' (feat.ì¡°ê´‘ì¼) Official M/V
CpmbqvF35jA,2025-05-20T09:01:26Z,LOST
pLrNvwxjgqA,2025-02-12T02:59:40Z,JUST B - í•œê±¸ìŒë§Œ (Official Visualizer.)
ryz_axmf0Xo,2025-05-15T12:00:14Z,Focused (demo) - BELLE | BELLEâ€™s music studio
4YHDorf7Wss,2025-05-06T09:00:08Z,á„‹á…²á†¨á„‰á…¥á†¼á„Œá…¢ 'ê±°ì§“ë§(LIE)' Live Clip (Band ver.)
X2blHAOzTYg,2025-02-13T09:04:57Z,Killer. (feat. Jae Chong) (Killer. (feat. ì •ì¬ìœ¤))
Uhsa0oPdIv8,2025-04-13T09:00:40Z,ì„œìì˜ Seo Jayeong - 1. Begin (Official Lyric Video)
3kfhoikVzUc,2025-04-28T09:00:07Z,[MV] í•˜ì´ë¼ì´íŠ¸(HIGHLIGHT) - Chains
bY2JgNSFEG0,2025-04-14T09:00:01Z,82MAJOR(82ë©”ì´ì €) 'ë­˜ ë´ (TAKEOVER)' ğŒğ•
yBBJS-R0wcI,2025-03-14T09:00:06Z,Suzy - ê°„ì ˆí•œ ì†Œì› (Waiting On A Wish) (ë°±ì„¤ê³µì£¼ OST)
kXgxo4uM2vc,2025-05-11T15:01:11Z,N.Flying (ì—”í”Œë¼ì‰) 2nd Album [Everlasting] Comeback Motion
_OBiS38SJSo,2025-04-01T04:00:05Z,"EVNNE (ì´ë¸), h4rdy 'HOT MESS (h4rdy Remix)' Official Visualizer"
sTNXFgl-US4,2025-04-26T14:01:24Z,[ì–¸ì  ê°€ëŠ” ìŠ¬ê¸°ë¡œìš¸ ì „ê³µì˜ìƒí™œ (Resident Playbook) OST Part 5] ë¯¼ë‹ˆ (MINNIE) - ìˆ¨ (Breath) MV
j6wcuAcS7QE,2025-04-01T15:00:06Z,RAVN - Comedy (Official Video)
nSfvlJcb-3g,2025-04-18T04:00:07Z,DPR ARTIC - Mirror ball (feat. Moon Sujin) (Official Music Video)
A7dQKxv_rvU,2025-03-21T04:04:16Z,GIANT (Korean Ver.)
fu4crGwRWgQ,2025-04-11T15:07:29Z,tripleS (ãƒˆãƒªãƒ—ãƒ«S) - Girls Never Die (Japanese Ver.) [Official Audio]
zj6FSvS3Yd4,2025-02-14T09:02:58Z,Surfing in the Moonlight
cELZXGZ6a60,2025-01-14T03:03:56Z,My bad (ë„ ë¯¿ì—ˆë˜ ë‚´ ì˜ëª»ì´ì•¼)
JMyCargFq_0,2025-03-23T09:00:31Z,ì„œí˜¸(ONEUS) 'Hatchling' MV
B93veLfx3aU,2025-01-24T03:00:08Z,"ì„ë§¤íŠœ (ZEROBASEONE), ë°•ê±´ìš± (ZEROBASEONE) - Backpacker (ìŠ¤í„°ë””ê·¸ë£¹ OST) [Music Video]"
8Gmu57hIKwI,2025-01-31T11:00:11Z,TRENDZã€BAD ENOUGHã€Music Video
F6Ix6V2Cx-w,2025-05-05T07:59:30Z,Dial Tragedy - EVAN
N1qWetE4AV4,2025-01-07T15:00:01Z,NiziU(ë‹ˆì¥¬) ã€ŒYOAKEã€ M/V
a5_b7KfG15Y,2025-02-17T09:00:00Z,Glow Up (English Version) (Glow Up (English Version))
fTVo7DLD5AA,2025-03-17T03:00:38Z,Dane (ë°ì¸) - She Said [Official Music Video]
NFeI7hJvfeA,2025-01-26T09:00:21Z,[MV] Jin(ì§„) _ Close to You (When the Stars Gossip(ë³„ë“¤ì—ê²Œ ë¬¼ì–´ë´) OST Part.3)
mj-DPqiTZzc,2025-05-09T04:00:07Z,Jackson Wang - BUCK (feat. Diljit Dosanjh) [Official Music Video]
QKHe-iYaEKg,2025-01-05T09:00:31Z,[DKZ] '2024 (Wishlist)' MV
vjHn_9fybAE,2025-01-10T05:00:51Z,WOOSUNG â€“ Let There Be Light (feat. BOL4) â€“ Raiden Remix | Official Visualizer
_UwS-Iox8gw,2025-04-10T03:02:36Z,FENDI (FENDI)
Mt9SBZam4X4,2025-01-08T08:58:07Z,ë¶€ì„ìˆœ (SEVENTEEN) 'ì²­ë°”ì§€' Official MV
3TG1-WN5eSo,2025-01-23T03:00:03Z,[MV] ì§„í˜„ì¤€ - ìš°ë¦¬ ë‹¤ì‹œ ê·¸ë•Œë¡œ (Return)
nrCvV2lF9FQ,2025-04-04T04:00:50Z,You Hide We Seek (You Hide We Seek)
nrcuK_sRJmY,2025-01-15T09:02:27Z,ODD YOUTH (ì˜¤ë“œìœ ìŠ¤) 'Best Friendz (English Ver.)'  PERFORMANCE VIDEO
tRmdA882ZvQ,2025-04-07T15:01:14Z,"We;Na (ìœ„ë‚˜)   "" Wake Up ""  kor ver. Official MV"
iH9CRFiYCnw,2025-01-30T10:04:36Z,KAWASAKI (with pH-1)
x7LGOdRkZTk,2025-02-24T09:01:07Z,[ë¬´í¸ì§‘ë³¸] ì‹œì†Œ X ì´ì˜¤ëŠ˜ âŸ¨ë°±ì•¼âŸ© #ì–¸ë”ì»¤ë²„
pjeK4zHCkvE,2025-04-25T03:00:06Z,í—ˆë‹ˆì¦ˆ 'HoneyHeartâ™¡' Official MV
6uTT3pK2PqQ,2025-05-01T04:02:29Z,Jealous
NhoZ_BYqp0I,2025-04-21T08:59:07Z,CHUU ì¸„ 'Only cry in the rain' MV
SKXEWMMOb2c,2025-03-11T03:01:00Z,[Official Audio] ì¥ë¦¬ì¸ (Zhang Liyin) - ì´ì œëŠ” ì•ˆë…• | restart
mRQMpCZk-So,2025-02-14T03:04:29Z,& Heart
aKRY80dEkJw,2025-04-29T03:00:01Z,UDTT ìš°ë‹¹íƒ•íƒ• ì†Œë…€ë‹¨ 'REALLY REALLY' MV
WTkkggBxWSw,2025-03-01T03:15:04Z,Molly Yam - Burning slow (Official Video)
hUZVGKqE2q0,2025-02-05T03:04:03Z,Be With You
MxZbRuB6VN4,2025-03-25T09:01:26Z,[MV] Boramiyu(ë³´ë¼ë¯¸ìœ ) - Hey(ìˆì–ì•„)
4zve1lFvVQA,2025-01-08T09:00:04Z,RIIZE ë¼ì´ì¦ˆ 'Hug (í¬ì˜¹)' Stage Video
cTgn9non-CU,2025-04-10T09:00:49Z,[MV] KIM JAE JOONG(ê¹€ì¬ì¤‘) _ Where Love Stays(ë‚´ ë‚¨ì€ ì‚¬ë‘ì„ ìœ„í•´)
HdJYRz0AL4c,2025-02-21T14:24:07Z,ATEEZ(ì—ì´í‹°ì¦ˆ) ìš°ì˜ 'Sagittarius' | ATEEZ Present
Ae_NlDspcR8,2025-01-27T09:04:55Z,A-yo
e3qk4rsA3j4,2025-05-06T09:01:01Z,ì‹œì˜¨(ONEUS) 'ëˆ„êµ¬ë‚˜ ë§í•˜ëŠ” ì‚¬ë‘ì€ ì•„ë‹ˆì•¼ (Camellia)' MV
AxCkfMBTlAg,2025-03-18T12:00:48Z,ROCKY ë¼í‚¤ [BA BA BYE] Official MV
4d5C_PQl8Tg,2025-01-20T09:00:02Z,GOT7 'PYTHON' MV
kbEC-AGr9n0,2025-02-07T00:00:07Z,LISA - BORN AGAIN feat. Doja Cat & RAYE (Official Music Video)
bgE7LMwwUDU,2025-04-15T09:04:08Z,Only One Story (Korean ver.)
T1moJPCLP7c,2025-03-17T09:01:36Z,Intro : My
pJB2sp36FTc,2025-04-27T15:01:20Z,BE CLASSIC (English ver.)
wfOuIA233zY,2025-03-14T09:03:08Z,Dunk
5-YiC6bULqc,2025-02-11T09:03:55Z,Not That Girl
Ubz6C2t_FFM,2024-09-22T15:00:34Z,ìš°ê¸°(YUQI) - 'Radio (Dum-Dum)' SPECIAL CLIP
oDk8qWwGsHM,2025-03-30T09:01:32Z,Moment
uDNDIhXZoVs,2025-03-03T03:00:46Z,"ìœ ìˆ˜í˜„ ""ì§œë¦¿í•˜ê²Œ(Thrilled)"" MV"
8aRTMQvbODs,2025-05-02T03:58:07Z,TXT (íˆ¬ëª¨ë¡œìš°ë°”ì´íˆ¬ê²Œë”) 'Love Language' Official MV
t9XQb2b_KtE,2025-05-18T15:01:19Z,TWICE 4TH FULL ALBUM INTRO: FOUR
0cxShBAycgw,2025-01-27T03:04:41Z,AMNESIA (ê¸°ì–µìƒì‹¤)
TRTt4v38kOM,2025-04-26T02:04:00Z,ì´ì§„í˜(LEE JIN HYUK) 'Letter' Music Video
YJOJ-TcAjzA,2025-02-10T03:02:23Z,brighT
7r018SxaZO8,2025-04-28T09:00:21Z,MUSIC (ë®¤ì§)
yHFc4BMmcIU,2025-04-20T09:03:49Z,SINKING
mQQ7zhlLoWI,2025-03-28T03:02:17Z,ë§ˆìŒì´ ë§ˆìŒì— ë‹¿ì•„
2lB65Hz0OHQ,2025-05-21T09:00:07Z,[BLACKSWAN] 'I LIKE IT HOT ' Official Music Video
ir9hOiVn768,2025-02-23T09:00:49Z,[ê°€ì‚¬í´ë¦½] A+B 'ì–¸ë•' POST PROJECT
w8DyhYhjxtA,2025-05-12T09:12:39Z,SAAY - Mood (Official Music Video)
UAdxlj4Cgjw,2025-02-23T13:30:03Z,KiiiKiii í‚¤í‚¤ 'DEBUT SONG' MV
6P6l86vX4xY,2025-03-18T10:04:08Z,Daybreak
BydbhAzmAzg,2025-04-11T09:00:15Z,XG - IN THE RAIN (Official Music Video)
U4xXdtFFNck,2025-04-14T07:18:18Z,Yuri Park - Prayer (Official Music Video)
PrSYC-6obe4,2025-05-14T15:00:48Z,ì•„ì´ìœ  ë¦¬ë©”ì´í¬ ì•¨ë²” [ê½ƒê°ˆí”¼ ì…‹]ğŸŒ¸ 2025.05.27 6PM (KST) #ì•„ì´ìœ  #IU#ê½ƒê°ˆí”¼ì…‹ #KkotGalpi3
SURoiKxZBfE,2025-04-20T09:00:29Z,HAN SEUNG WOO í•œìŠ¹ìš° 'í–‰ë³µíšŒë¡œ (Positive Vibes)' MV
pdLhVHYhto0,2025-03-25T15:00:06Z,kyu - tempo (Official Music Video)
R319nIK_P4s,2025-01-22T09:00:35Z,NCT WISH ì—”ì‹œí‹° ìœ„ì‹œ 'Miracle' Special Video
VOcLp_t39Lk,2025-04-10T09:01:44Z,Zip it
OgkLjE8EEZg,2025-05-08T03:03:45Z,ï»¿Natural
dZ3pHHoR2qw,2025-05-06T09:00:06Z,EPEX & joan - so nice M/V
whrNetEPe_M,2025-01-14T15:01:12Z,ZEROBASEONE (ì œë¡œë² ì´ìŠ¤ì›) 'NOW OR NEVER' MV
S415VVG39lk,2025-01-14T03:03:52Z,Intro
cXmYNmQ4BuM,2025-01-25T05:00:34Z,JENNIE - ZEN (Official Video)
A8BEQJbuKdo,2025-05-12T12:00:16Z,ì„ì„¸ì¤€(LIM SEJUN) - Summer MV Teaser #01
SQ1DMnQDkaY,2025-05-14T09:03:37Z,The Look In Your Eyes
rxlQ5OgscMo,2025-05-02T09:01:48Z,LATATA (i-dle ver.) (LATATA (i-dle ver.))
zeoRk6dDSFQ,2025-03-27T16:00:06Z,Jackson Wang - GBAD (Official Music Video)
miUMvyymYUc,2025-04-20T15:14:47Z,IVE (ã‚¢ã‚¤ãƒ´) - DARE ME [Official Audio]
fAmDoiuJgWw,2025-03-11T09:00:01Z,SF9 'LOVE RACE' MUSIC VIDEO
eoy_JgPSin0,2025-02-05T13:00:06Z,Palagi ('SIDE B' Vol.3) Visualizer - KISU
65Ed7fT3FFk,2025-05-06T13:07:43Z,ì½”ì´ìº£ ìƒˆ ì•ŒëŒ ìš¸ë¦°ë‹¤ ğŸ”” Wakeâ€¯Upâ€¯Call í‹°ì € & ì†Œê°œì˜ìƒ
vIyCWMVZwkI,2025-04-10T03:01:24Z,Kik5o X AleXa 'VITAL CHECK' MV
jS0edWOKxJg,2025-05-22T15:01:09Z,í™˜ì›…(ONEUS) 'RADAR' MV Teaser
nz9SFMVuEIg,2025-03-05T09:04:12Z,NEWBEAT(ë‰´ë¹„íŠ¸) 'JeLLo(í˜ìˆ¨ì°)' M/V
XK61Jwg3aVI,2025-04-10T03:00:24Z,Brad - Invade Day (Official Visualizer)
GuaRxObxiRQ,2025-05-03T09:02:14Z,Dry
LYyrCJTBc9w,2025-03-10T09:00:25Z,[ë¬´í¸ì§‘ë³¸] ê¹€ì˜ˆì°¬ - ê°€ìˆ˜ê°€ ëœ ì´ìœ ğŸµ #ì–¸ë”ì»¤ë²„
boLbRoX6M3A,2025-05-20T14:01:03Z,[ë‹¹ì‹ ì˜ ë§› (Tastefully Yours) OST Part 2] í—¤ì´ì¦ˆ (Heize) - You are the one MV
HDue9xqfYTQ,2025-05-09T09:00:32Z,[MV] í€ì¹˜ (Punch) - ì¢‹ê² ì–´ (I hope you're happy)
5OS5_KXxvnY,2025-01-04T03:00:05Z,M.O.N.T [ëª¬íŠ¸] - 'ì–´ë”˜ê°€ë¡œ (OMW)' OFFICIAL MV
AWqCMnJw1Tw,2025-01-27T09:03:36Z,OVERMAN
PjhdKY0hyCA,2025-03-24T10:00:08Z,JO1  | 'BE CLASSIC' Official MV
9hHj7GI6xQU,2025-02-27T05:00:06Z,Min Jiwoon ë¯¼ì§€ìš´ 'Someone (DJ Marky & Makoto Remix)' MV
XI9oDYeizvM,2025-04-05T09:01:24Z,"So, Wonder Why"
qjebIv8FYMI,2025-03-10T10:00:05Z,ILLIT (ì•„ì¼ë¦¿) Almond Chocolate (Korean Ver.) Performance Video
PFwOJ_Rankw,2025-05-18T15:01:35Z,"KickFlip(í‚¥í”Œë¦½) The 2nd Mini Album ""Kick Out, Flip Now!"" Track Spoiler"
8JfXHCGlBwQ,2025-04-21T15:00:06Z,KISU - Face&Pace (Official Audio)
efb5vVW6c2A,2025-03-31T15:00:51Z,ë°±ì§„ (BEAK JIN)  - 'We Make it (Prod. Weave)' MV
-SsOmTaBClo,2025-02-25T03:00:00Z,ê¹€ì‹œí›ˆ(KIM SI HUN) 'FLY' Live Clip
nJNR51KfaPE,2025-04-10T09:00:26Z,AIMERS ì—ì´ë¨¸ìŠ¤ 'Starry Night' MV
KM-YzSbGT4s,2025-01-17T09:00:19Z,ë„ê²½ìˆ˜ Doh Kyung Soo 'ë°¤ì— ë‚´ë¦° ëˆˆ (Snowfall at Night)' MV
ivtsWSkxkgo,2025-05-05T09:00:47Z,FTISLAND (FTì•„ì¼ëœë“œ) 'í–‰ë³µ ì´ë¡  (Theory of Happiness)' SPECIAL CLIP
kkx_S5PH5zw,2025-04-21T03:00:46Z,ablume(ì–´ë¸”ë£¸) - 'Never Far Away (Prologue)' (Live)
lsuSzybBIpw,2025-05-01T09:01:10Z,"ê¹€í˜œë¦¼ (HyeRim) ""reFresh"" - 01. ì„œá„…á…©á„‹á…´ á„‹á…©á„‚á…³á†¯ (Each our own today)"
qTtDGGJ5pQY,2025-03-14T09:00:10Z,[OFFICIAL AUDIO] BOYNEXTDOOR - ì´ë ‡ê²Œ ì¢‹ì•„í•´ë³¸ ì ì´ ì—†ì–´ìš” :: ì†Œë…€ì˜ ì„¸ê³„ X BOYNEXTDOOR
HP6sqYfVqRQ,2025-04-08T15:00:22Z,ãƒãƒ£ãƒ³ãƒ»ã‚°ãƒ³ã‚½ã‚¯ ã€ŒCurtain Callã€Music Video
HMtJ9MeGty4,2025-04-06T03:01:32Z,LOVE DAY (LOVE DAY)
z-xfGoabprU,2025-03-18T09:00:04Z,STAYC(ìŠ¤í…Œì´ì”¨) 'BEBE' MV
Euvr1wNLK7M,2025-04-22T09:00:18Z,ì´ë„(ONEUS) 'Sun goes down (Feat. YongYong)' MV
reReODNXKko,2025-03-24T10:01:38Z,ãŸã ã„ã¾
UWyw9wTPgv4,2025-04-04T09:00:07Z,ARTMS 'BURN' Official MV
ia2Ph61bYzc,2025-05-08T16:00:07Z,ROSÃ‰ - Messy (From F1Â® The Movie) [Official Music Video]
ZlQGxT4OYx0,2025-01-09T09:00:39Z,[TUZI] - ê¸°ì„¸(æ°£å‹¢) | Official Video
1EEuRx-Zw9c,2025-02-01T03:02:03Z,Nonfiction
hxhQzUtPY6g,2025-05-18T09:03:42Z,Heavy Love
9qlj3Q4Z4T8,2025-05-01T15:00:14Z,KickFlip (í‚¥í”Œë¦½) ğŸš¨Wanna skip today?ğŸš¨ | The 2nd Mini Album Trailer
tS48SnvPFI0,2025-01-06T09:00:01Z,ì˜¨ìœ  ONEW 'Winner' M/V
6gfNVDchPiA,2025-02-27T03:01:41Z,Are we over? (í—¤ì–´ì§„ê²Œ ë§ë‚˜ì‹¶ì–´)
Vc0D6onbAvU,2025-05-20T15:00:01Z,USPEER (ìœ ìŠ¤í”¼ì–´) 'SPEED ZONE' TRAILER
FF7_YRh4Jyw,2025-02-14T09:00:17Z,[Lyric Video] ì†Œìˆ˜ë¹ˆ - By your side (ê³)ï½œë©œë¡œë¬´ë¹„ OST from Netflix Originalï½œë¦¬ë¦­ë¹„ë””ì˜¤ï½œStone Music Playlist
nBIJDbijfZQ,2025-02-14T03:00:43Z,I:MOND (ì•„ì´ëª¬ë“œ) - Wonderland (ì›ë”ëœë“œ) M/V
zO3Xqbwpt8w,2025-01-17T05:02:41Z,Viola
SXW7vtDDSWs,2025-03-24T09:01:55Z,OCELLI
1EsRhv19Whw,2025-02-21T09:04:17Z,Confusion
ilH9L5TAYoo,2025-02-25T10:01:14Z,Best Friend
ZGcgCSmofZk,2025-04-12T14:00:44Z,"[ì–¸ì  ê°€ëŠ” ìŠ¬ê¸°ë¡œìš¸ ì „ê³µì˜ìƒí™œ (Resident Playbook) OST Part 1] ë¦¬ë…¸, ìŠ¹ë¯¼, ì•„ì´ì—” (Stray Kids) - START! MV"
KDtAlNzAeMY,2025-03-06T06:00:19Z,[SPECIAL CLIP] JEONG DONG WON(ì •ë™ì›)_Gift(ì„ ë¬¼)_Live
rkOymL7H63E,2025-01-21T09:00:55Z,[MV] ìœ ë‹¤ë¹ˆ - ì•ˆê°œê°€ ì§€ë‚˜ë©´ [ì›ê²½ (Wongyeong : The Queen Who Crowns) OST Part.2]
g36q0ZLvygQ,2025-01-13T09:01:36Z,IVE ì•„ì´ë¸Œ 'REBEL HEART' MV
Hymeb04N9nw,2025-05-01T03:02:28Z,RPZ
7xlkDjqhhag,2025-05-11T15:00:00Z,ITZY 'Girls Will Be Girls' TRAILER
i4sgBpuC5lk,2025-03-16T09:00:59Z,[ì‹ ê³¡/í’€ë²„ì „] ì´ ëª©ì†Œë¦¬ê°€ ë‚­ë§Œì´ê³  ì²­ì¶˜ì´ë‹¤...ğŸ¤ ìœ ë‹¤ë¹ˆ (ìœ ë‹¤ë¹ˆë°´ë“œ) 'ì–¸ì  ê°€ëŠ”'ğŸµ | ìŠ¤íŠœë””ì˜¤:D ì˜¤ë¦¬ì§€ë„ 'ë°°ë‚­ë©”ê³  ë²„ìŠ¤í‚¹ 2'
_-atim_5jfY,2025-01-17T15:00:56Z,[MV] ìœ¤ë§ˆì¹˜ (MRCH) - More and More I SBS ë‚˜ì˜ ì™„ë²½í•œ ë¹„ì„œ (Love Scout) OST Part.4
852sHqO8k7w,2025-04-23T09:00:10Z,EAND - GO AND TAKE (Official Music Video)
0BS2vpw_vrw,2025-04-08T03:00:00Z,ê¹€ì„±ì¤‘ (Kim SungJoong) 'DNDN' Official Music Video
sIZ_c3zgr-E,2025-02-10T09:00:59Z,ê¹€ì˜ˆì§€ - Burn It Down (ì„ ì˜ì˜ ê²½ìŸ OST) [Music Video]
ZV_XheH7FJw,2025-05-20T03:04:17Z,í•˜ê³  ì‹¶ì€ ê±° ë‹¤ í•´
A-xbIqBWSv8,2025-05-08T09:00:13Z,KIM JAE JOONG EP Album 'Beauty in Chaos' Track List
2RwFzNL66Hs,2025-04-09T09:00:04Z,WHIB(íœ˜ë¸Œ) 'BANG OUT' MV
cagi7IfrZzw,2025-05-07T06:24:35Z,Koi Kat ì½”ì´ìº£ - 'Let It Show' dxp Remix (Official Lyric Video)
kJ0BT7opYvM,2025-01-15T03:00:08Z,ì•ˆì‹ ì•  (An Shinae) - 'South to the West' MV
3pL6ryHF0pI,2025-04-30T09:00:05Z,AVION - 'CROWN' PERFORMANCE VIDEO
eeiutFQZ5ho,2025-03-30T09:14:06Z,[AKMU X CookieRun] 'DADA' MV l CookieRun
P4EQ2bsD3Qo,2024-08-22T23:00:52Z,[Special Clip] KEN -  'ë„ˆì—ê²Œ'
8LFBHvukzN4,2024-10-31T08:59:08Z,ë¹„íˆ¬ë¹„ (BTOB) 'ë¶ˆì”¨ (Please Stay)' MV
3P9CtCizIR8,2025-03-20T03:03:16Z,ë‹¨ê¿ˆ
wkfU29Y7yuE,2025-04-25T09:01:27Z,ì¥í•œìŒ (JANG HANEUM) - SHINE MV Teaser #1
FbfIaVzIl8A,2025-04-21T13:00:00Z,ğ‡ğ€ğğğ˜ ğğ”ğ‘ğ’ğ“ğƒğ€ğ˜
kxUA2wwYiME,2025-02-24T09:00:52Z,Hearts2Hearts í•˜ì¸ íˆ¬í•˜ì¸  'The Chase' MV
jMcnUVuXdfU,2025-03-26T09:00:07Z,TNX - 'ì•„ ì§„ì§œ (For Real?)' MV
EyHp8GISXeM,2025-05-21T09:03:29Z,LIMITLESS
bBkX2hCQXEM,2025-02-28T19:08:21Z,dearALICE - Ariana (Official Music Video)
Z9UuIhZxc4c,2025-02-19T03:00:06Z,í¬ë”ëª¨ì–´ (For The More) - (UN)LUCKY BOYï½œMV
c5gzArW-YO8,2025-04-05T03:04:12Z,DOT DOT DOT
GkJWdCGR85w,2025-03-06T10:01:51Z,Intro : JANE with FKJ
69r-6AI8VpQ,2025-01-22T09:03:33Z,"I Can't Forget (From ""SHOW MUSIC Dream High"")"
VD-27Oogr4A,2025-02-25T09:00:36Z,The Volunteers - Rules (Official M/V)
8byiytlquEQ,2025-02-22T09:01:46Z,Love & Sugar
LGsdsDQznio,2025-03-17T03:01:55Z,LIPSTICK (Explicit)
RJcPTkW1DiQ,2025-04-22T09:02:09Z,intro (intro)
suNPJoZ20WY,2025-05-11T15:01:18Z,Be brave!
a577rVki9VM,2025-02-09T03:03:33Z,å›ã¨ãªã‚‰ã°
tS1doiMBz4Y,2025-02-14T09:01:10Z,LEECHANGSUB ì´ì°½ì„­ - 'Feel The Groove' M/V
Fpz6woSbpmk,2025-03-10T09:03:23Z,PINOCCHIO (feat. So!YoON!)
Gd99jlYIuSc,2025-04-21T03:00:16Z,Jackson Wang - GBAD (Number_i Remix) [Official Music Video]
8FR4iyQ7JdI,2025-02-25T09:00:14Z,vangdale + Jvcki Wai - Spoil U [Backroom Video]
Kp5TFvtiB7k,2025-05-06T15:00:01Z,ENHYPEN (ì—”í•˜ì´í”ˆ) DESIRE Concept Cinema Teaser
VKO0n5YXoas,2025-03-14T04:02:59Z,Air (English Ver.)
GWteb0H9CLs,2025-04-21T09:00:34Z,Lucky to be loved
vJB6baLzeHw,2025-05-07T04:00:06Z,Kylie Cantrall - See U Tonight [feat. YUNAH & MINJU of ILLIT] (Official Music Video)
ZXAcTToLy_Y,2025-05-02T04:00:06Z,TABLO X RM - Stop The Rain (Official MV)
TLlYFfZKOV4,2025-04-29T15:00:45Z,ì›ì–´ìŠ¤(ONEUS) 'TIME MACHINE' MV
lC1gcCrkPFs,2025-01-02T03:01:29Z,ì˜ ì§€ë‚´ì§€ ë§ì•„ì¤˜ (feat. ì—¬í›ˆë¯¼)
r1tdMcs-eZ0,2025-04-17T09:00:22Z,í˜ë…¸ë©”ì½” (PENOMECO) - 'ã…‹ã…‹ (KK)' Official MV
9u7wYEizkK4,2025-05-20T09:03:04Z,Tabber - Hysteric Glamour (Official Video)
wTRJLyzhR4U,2025-03-20T09:02:32Z,SYZYGY
nVAX5zHYX3k,2025-04-25T03:02:32Z,the love that bloomed in one's heart (ë§ˆìŒ ì†ì— í”¼ì–´ë‚œ ì‚¬ë‘)
a0nOY2or9ks,2025-05-20T03:02:57Z,Still love you
04AYO2utjJ4,2025-05-07T09:00:01Z,"KISS OF LIFE (í‚¤ìŠ¤ì˜¤ë¸Œë¼ì´í”„) 'Live, Love, Laugh' Official Music Video"
5vaXnYX4VEY,2025-02-22T09:00:06Z,[MV] JinE(ì´ì§„ì´) _ Farewell (Official Music Video)
3tyQN78tkU4,2025-02-17T09:00:04Z,POW (íŒŒìš°) 'Gimme Love' M/V
N6yQa4CFfbk,2025-01-20T09:04:31Z,Pause
uK5E1q3lxdk,2025-05-07T09:01:17Z,E'LAST(ì—˜ë¼ìŠ¤íŠ¸) - 'Crazy Train' M/V
4rIsl4GjM9M,2025-02-25T10:03:37Z,ARIGATO
XdILxfXVPBE,2025-03-22T03:00:33Z,[MV] HANAMJA - ì‹¬ì˜ˆì¤€(SIMYEJUN)
El3iHyqa0rE,2025-03-24T09:03:21Z,Intro : RAW AND RAD (feat. Khundi Panda) (Prod. Maalib)
eN5I0KsgoMI,2025-04-22T09:04:55Z,SapÃ© (Instrumental)
fFTTAiryJsw,2025-03-28T03:01:15Z,KiD
Mkr79QX16Vs,2025-02-09T15:00:31Z,ë°±ì§„ (BEAK JIN)  - 'BLACK(Prod. Weave)' MV
2hwiRN8t8Ok,2025-02-24T09:00:05Z,ZEROBASEONE (ì œë¡œë² ì´ìŠ¤ì›) 'BLUE' MV
piHRt4SPSBg,2025-03-27T09:00:59Z,because I'm stupid? (feat. KIXO) (ë‚´ê°€ ë°”ë³´ë¼ì„œ ê·¸ë˜? (feat. KIXO (í‚¤ì¡°)))
_RRUqOPfAnA,2025-05-17T09:00:48Z,[MV] JinE(ì´ì§„ì´) _ Say Yes
afRJOsLz2M8,2025-04-10T09:00:06Z,SKINZ (ìŠ¤í‚¨ì¦ˆ) â€˜YOUNG & LOUDâ€™ Official MV
NZO4UEeDX4w,2025-04-22T09:00:36Z,VVS ë¸¨ë¸¨ì—ìŠ¤ 'Tea' MV
y438mzlXS4c,2025-04-28T09:00:03Z,HITGS(í›ì§€ìŠ¤) 'SOURPATCH' MV
l9GHMumFmlA,2025-05-22T09:01:11Z,ìˆ€(SHAUN) - ì ì„ ë©´(Pixels) [Official Lyric Video]
YWH_Hv16d-o,2025-04-14T03:03:35Z,Calvin Kl3in
O62xCbgN3ho,2025-05-15T04:01:10Z,Fairy
V99KzVltcDY,2025-02-04T09:00:35Z,Smoke Point (Smoke Point)
7y2F8Tp6eyw,2025-02-14T09:02:20Z,lullaby (demo)
JPUtMj-U4rw,2025-01-10T09:01:56Z,"Starlight (From ""SHOW MUSICAL Dream High"")"
jdOLHrl__IU,2025-03-13T09:01:00Z,SAY MY NAME(ì„¸ì´ë§ˆì´ë„¤ì„) 'XOXO' (Official Audio)
ZBVNgxu2Oq8,2025-02-02T09:00:37Z,Girls Never Die (Inst.)
DIT8hUXiQas,2025-02-13T03:00:16Z,Blingone ë¸”ë§ì› 'Bubble Gum' Official MV
AL3FYa2QF9o,2025-01-02T03:01:42Z,Starry Night
PGoeFdmkzhw,2025-01-15T09:00:04Z,ìœ„ì•„ì´(WEi) 'NOT ENOUGH' M/V
PCNlo5g4FRU,2025-01-12T03:00:27Z,"[M.V] ì™„ì„ &ìŠ¬ê¸° ""LUCKY"" Teaser [WANSUN&SEULGI]"
plf2nLL63E0,2025-03-21T15:01:09Z,ë°±ì§„ (BEAK JIN)  - 'VOGUE (Prod. Weave)' MV
AwBog8QqYyw,2025-02-13T09:00:19Z,Butterfly
sVTnAajWDOA,2025-03-07T03:03:48Z,Boom Bam
LKG4Y4Em8Vc,2025-05-14T09:00:33Z,ì •íš¨ë¹ˆ (Jeong Hyo Bean) - ì—-ì˜¤! (E-oh!) / ğ— ğ—© ğ˜ğ—²ğ—®ğ˜€ğ—²ğ—¿ ğ˜ƒğ—²ğ—¿.ğŸ­
9hTpDHJmjC0,2025-03-27T09:00:00Z,ë²”ê·œ (BEOMGYU) â€˜Panicâ€™ Official MV
A18GgkIadkc,2025-04-08T10:02:54Z,Push Down
qVADqExcRG8,2025-04-24T09:00:51Z,OSDS (ì˜¤ì†ë„ì†) 'Bluetooth' M/V
DiLtjUIDzSU,2025-02-13T09:00:13Z,ë³´ì´í”„ë Œë“œ(Boyfriend) - Time limit MV
YKWlo7ZJ7TI,2025-05-24T09:02:10Z,STALKER
r9AEGPB6qIU,2025-03-14T03:58:07Z,LE SSERAFIM (ë¥´ì„¸ë¼í•Œ) 'HOT' OFFICIAL MV
Jcnywv0-l0A,2025-04-30T09:02:55Z,MIND
6smBL60VNFk,2025-05-08T09:05:26Z,í•˜ì„±ìš´ (HA SUNG WOON) / Finale.
EtNu7SrOH1k,2025-03-20T09:00:30Z,FANTASY BOYS(íŒíƒ€ì§€ ë³´ì´ì¦ˆ) - â€˜Undeniableâ€™ M/V
Nuw6Iq2lYCY,2025-02-14T12:00:37Z,ONE OR EIGHT / KAWASAKI with Felip & thá»§y (Visualizer)
8YnbkzmpDqk,2025-01-17T09:00:02Z,ALL(H)OURS (ì˜¬ì•„ì›Œì¦ˆ) 'Graffiti' Official M/V
624NpugNTi4,2025-04-28T09:00:01Z,"NEXZ(ë„¥ìŠ¤ì§€) ""O-RLY?"" M/V"
I1M3AtVYBxY,2025-05-18T09:01:52Z,Drive 97.1
hfLc4cePnFA,2025-04-13T09:02:29Z,Salted Bread
b-nS_07yIws,2025-05-09T04:03:45Z,Dirty
aa6VrglNWYA,2025-01-06T10:03:06Z,Lonely Lover (Prod. Pink Sweat$)
bgAsczH4-ps,2025-02-08T09:00:42Z,[MV] LEE SUHYUN(ì´ìˆ˜í˜„) _ Every Day Without You(ë¬´ëŒì ¸ê°€)(When the Stars Gossip(ë³„ë“¤ì—ê²Œ ë¬¼ì–´ë´) OST Part.5)
Ss9HjaT_oMs,2025-03-12T09:04:23Z,What should I do (2025. UK Garage Mix) (ë‚˜ ì–´ë–¡í•´ (2025. UK Garage Mix))
B45UviB4P7g,2025-05-21T09:02:44Z,Goodbye & Hello
a_0oh_RoGcw,2025-01-15T09:00:03Z,ë¸Œë¸Œê±¸ (BBGIRLS) â® 'LOVE 2' Official M/V
GYyJUD6tcfk,2025-04-07T09:26:57Z,Toronto's Window
R55VGD7aYUI,2025-03-07T09:00:08Z,TREASURE - â€˜YELLOWâ€™ M/V
QqkLnNClpAQ,2025-04-03T09:00:35Z,KAI ì¹´ì´ 'Adult Swim' MV
QsQJJcyG34o,2025-02-08T02:01:01Z,å…ƒæ°”å‘å…‰ I KNOW
a33CCHb86co,2025-04-23T09:03:19Z,Flash
FuOiJC3RyAM,2025-04-15T09:00:04Z,[M/V] DAY6 (Even of Day) - ë©”ì´í”Œë¼ë–¼ :: ë””ì–´ì— (Dear.M) OST Part.1
qr4oH_06IZM,2025-04-04T04:00:01Z,ENHYPEN (ì—”í•˜ì´í”ˆ) 'Loose' Official Lyric Video
G-wRYVlwSMw,2025-04-17T10:02:41Z,Deja Vu (Sped Up)
A-EcTULDu8Q,2025-02-05T03:00:20Z,ê¶Œìˆœê´€(Kwon Soonkwan) - 'FULL MOON (with ë‚¨ìš°í˜„(NAM WOO HYUN))' Live Clip
FBMQy2l-mw8,2025-01-23T09:01:59Z,Bad Moves (Bad Moves)
Ure5mY64aog,2025-04-11T03:00:29Z,MV | ì—˜ë¼ìŠ¤íŠ¸ (E'LAST) - ALRIGHT
gFr4TyKsZwM,2025-04-11T09:01:05Z,"cosmosy ""Lucky=One"" Official M/V"
2HZbPz-r2UA,2025-03-02T09:00:02Z,YOUNG POSSE (ì˜íŒŒì”¨) - 'COLD (feat.10CM)' MV
M06MikdBQ1Q,2025-03-31T03:01:24Z,Homebody mode on weekends (ì£¼ë§ì—” ì§‘ìˆœì´ ëª¨ë“œ)
ho2fFgQ4mNY,2025-04-08T09:15:06Z,'YOU DAYEON' Single - TALK [Visualizer Lyric video]
vn3TzKbaGlc,2025-01-07T09:00:58Z,[MV] KWON EUNBI(ê¶Œì€ë¹„) _ Snowfall(ëˆˆì´ ì™€) (Feat. Coogie) (Special Clip)
MMB8Rzqvkac,2025-04-25T09:00:28Z,LOVEONE (ëŸ¬ë¸Œì›) 2nd Single ' Drama Queen ' MV
Muk8F3K8uCE,2025-04-08T09:04:48Z,ë©”ì•„ë¦¬
z5SZ38rhXIc,2025-04-10T09:00:07Z,ê¶Œì§„ì•„ Kwon Jin Ah 'Love & Hate' Official MV
q7m-FB1WJEk,2025-03-10T09:01:51Z,Can't Help Myself
HpMIJLnckXk,2025-01-25T09:02:45Z,"Answer (From ""Love Scout"" : Original Soundtrack)"
S-VLzICd2FE,2025-03-10T09:00:28Z,"SEULGI ìŠ¬ê¸° 'Baby, Not Baby' MV"
skRqI7cVJ90,2025-05-10T03:01:43Z,List (ãƒªã‚¹ãƒˆ)
2zTqOPTg4Ow,2025-02-07T05:43:47Z,"""dream. (ì¢‹ì€ ë¶„ìœ„ê¸°)"" - Yented, MRCH ìœ¤ë§ˆì¹˜, will hyde (official lyric video) (à¸à¸”à¸•à¸´à¸”à¸•à¸²à¸¡à¸–à¹‰à¸²à¸„à¸¸à¸“à¸à¸³à¸¥à¸±à¸‡à¸”à¸¹à¸­à¸¢à¸¹à¹ˆ!)"
TjV5DBGcWOM,2025-03-03T09:00:30Z,[ë¬´í¸ì§‘ë³¸] ê¹€ì˜ˆì°¬ X ì•¨ë¦¬ìŠ¤ìœ  âŸ¨ì‚¬ë‘ ì‚¬ë‘ ì‚¬ë‘âŸ© #ì–¸ë”ì»¤ë²„
LNETckymbzk,2025-04-14T09:00:20Z,NCT WISH ì—”ì‹œí‹° ìœ„ì‹œ 'poppop' MV
BkfJyLwcKdA,2025-05-18T15:00:13Z,SHINee ìƒ¤ì´ë‹ˆ 'Poet | Artist' Fluffy SHINee Trailer
ddDQUOCx5UA,2025-04-04T11:30:06Z,Eternal Spark (ë³„ì„ ë”°ë¼)â”ƒHenry Young & Raon
2V6lvCUPT8I,2025-02-14T05:00:07Z,JISOO - earthquake (Official Music Video)
iAF3VqgpgjI,2025-03-10T09:00:52Z,SON DONG PYO 'ğ™ğ™©ğ™–ğ™¡ğ™¡ğ™®' Mood Film
vEmwBHJugkY,2025-04-16T03:01:05Z,01. 'á„†á…¯á„’á…¢ 'á„…á…¡á„‚á…³á†« á„Šá…µá„‹á…¡á†ºá„‹á…¦á„‰á…¥ (Official Audio)
0w_GymG3kbc,2025-04-11T03:00:01Z,from20(í”„ë¡¬íŠ¸ì›¬í‹°) - Eye Candy MV
EDSOKdFhQuE,2025-03-16T09:00:11Z,Jeong Eun Ji x Seo In Guk 'ì»¤í”Œ (Couple)' MV
wlPCQFYWRFo,2025-01-15T05:00:06Z,Odetari - SMB (w/ Hongjoong of ATEEZ) [Official Visualizer]
5YaMkFDDpF0,2025-05-05T13:00:03Z,BOYNEXTDOOR (ë³´ì´ë„¥ìŠ¤íŠ¸ë„ì–´) 4th EP [No Genre] Track Spoiler: Sound Tour
xj7ZqceXoao,2025-04-25T03:04:02Z,GARIRIANG (ê°€ë¦¬ë‘)
lDHo9eDZaJY,2025-02-12T09:03:04Z,Creepinâ€™ (Creepinâ€™)
_CWhxADbXT0,2025-03-14T03:02:07Z,Until now (Korean Version)
m7cckgkfTR4,2025-04-25T03:03:21Z,HATE ME
DJLa8QYUtmQ,2025-04-25T09:00:07Z,ì´ì„¸ê³„ì•„ì´ëŒ (ISEGYE IDOL) 'Misty Rainbow' Official MV
19WOOczMZzA,2025-04-29T09:00:06Z,ë©œë¡œë§ìŠ¤ â€˜ì•„ë¬´ ë‚ ì˜ ì„œí”„ë¼ì´ì¦ˆâ€™ ğ™ˆğ™‘
0x3gZRV_w3Q,2025-02-17T09:00:01Z,[MV] Suzy(ìˆ˜ì§€) _ Come back
F4x5hyXjnlM,2025-05-23T15:00:03Z,NiziU(ë‹ˆì¥¬)ã€ŒLOVE LINE -Japanese ver.-ã€Performance Video
fgRhYgBlbOY,2025-05-10T09:00:01Z,[ê³µì‹] ì„œì´ë¸Œ ì íŒŒí‹°í‹° ë®¤ì§ë¹„ë””ì˜¤ #zampaTT M/V #seoeve #ì„œì´ë¸Œ #ì„œì´ë¸Œì‹ ê³¡ #ì íŒŒí‹°í‹° #ì íŒŒ Official MV
4LBqeAxDrHk,2025-05-25T18:08:25Z,MONEY UP
s5vQc_Rfcjc,2025-05-26T03:01:13Z,[Official Audio] ì—í”¼ì†Œë“œ (EPISODE) - Look at Me
-io3ZkzEWjs,2025-05-26T09:00:00Z,[ê¸ˆì£¼ë¥¼ ë¶€íƒí•´ (Second Shot at Love) OST Part 3] í•´ì°¬ (HAECHAN) - ë‹ˆê°€ ì¢‹ì€ ì´ìœ  (A Thousand Reasons) MV
Wav7xL1U9rg,2025-05-25T15:04:39Z,Step by Step
6gVARUQ5lw4,2025-05-27T15:04:52Z,Beautiful Liar -Japanese ver.-
hG4yWc4YFUk,2025-05-27T09:02:10Z,SASS (Prod. THE HUB)
CA4Xn_qmZxc,2025-05-27T03:02:14Z,kimchi and smile
nD4BPituV3M,2025-05-26T09:01:13Z,HITGS(í›ì§€ìŠ¤) 'GROSS' TRAILER
4dler3qgY9A,2025-05-26T09:03:30Z,MAMBRINO
QzreAWOg8dI,2025-05-22T03:00:02Z,ìˆ˜ë¦°(SOORIN) 'Boys Can Be' MV
peLX5ArUW70,2025-01-05T12:24:37Z,All I got
gmnztLpdtGM,2025-01-07T03:49:47Z,[ê³µì‹] #ì–´ë¥¸ë“¤ì€ëª°ë¼ìš” ë®¤ì§ë¹„ë””ì˜¤ #theyneverknow M/V #ì„œì´ë¸Œ #seoeve
ABJKGH1XYaA,2025-05-26T09:00:12Z,BANG YONGGUK (ë°©ìš©êµ­) - 'Motion' Official Video
bQsZZTI2MFY,2025-05-28T09:03:43Z,Sacrifice (Sacrifice)
NuZnUD8JYew,2025-05-27T03:00:20Z,ğ˜„ğ—¶ğ˜ğ—µğ˜‚ğ˜€(ìœ„ë”ìŠ¤) 'INDIGO' MV
2UPLMUgTQUo,2025-05-23T09:00:25Z,hanhee í•œí¬ â€˜ì‚(BBI)' MV Teaser
pDzCO_bU5F0,2025-05-28T09:06:14Z,Fairy Mai í˜ì–´ë¦¬ ë§ˆì´ â€“ â€˜Light Pleaseâ€™ Official MV
ePaQzwcQoN8,2025-05-11T10:01:38Z,2025 (feat. Loco)
WT0RHSmUIGQ,2025-05-27T03:00:02Z,"ì„¸ë¸ì–´ìŠ¤(SEVENUS) ""ì‚¬ë‘í•´ë„ ë ê¹Œìš”"" LIVE CLIP"
7NeG3lMiABY,2025-05-25T09:00:03Z,Sphaze(ìŠ¤í˜ì´ì¦ˆ) - Right Away (Lyric Video)
b04SsjH_IPU,2025-05-17T09:00:25Z,[ê³µì‹] ì„œì´ë¸Œ Talk Talk(ì§ë‚¨ì—ê²Œ ì—°ë½ì˜¤ëŠ” ë…¸ë˜) ë®¤ì§ë¹„ë””ì˜¤ #í†¡í†¡ #ì§ë‚¨ #ê³ ë°±ìœ ë°œì†¡ #talktalk #seoeve #ì„œì´ë¸Œ #ì„œì´ë¸Œì‹ ê³¡ Official MV
cmLUGxJTi0s,2025-05-26T09:04:40Z,ë‘˜ë§Œ ì•„ëŠ” ê¸°ì–µ
vPfCmM89LH8,2025-05-29T09:01:26Z,izna 'BEEP' MV Teaser 1
EuZrWU0hKpU,2025-05-29T09:00:20Z,ìœ¡ì„±ì¬ 2025 FAN-CON [The Blue Journey] Teaser
oOxespBOLHA,2025-05-29T09:01:36Z,í¬ë§ì‚¬í•­ (Feat. ë³€ì§„ì„­)
_IwPhDHvdwY,2025-05-29T09:01:33Z,A Fish Gone to the Forest
52hxoUe5Mbc,2025-05-27T15:00:01Z,ATEEZ(ì—ì´í‹°ì¦ˆ) - Break glass in case of thirst
R625XMgcScs,2025-05-28T02:04:58Z,Stereotypical
OWY-IV0e0Cg,2025-05-28T15:00:00Z,LE SSERAFIM (ë¥´ì„¸ë¼í•Œ) 'DIFFERENT' CONCEPT FILM - OFFBEAT CLOVE
if4plzuWsz4,2025-05-28T03:03:49Z,Echo (Alternate Version)
SNsphA_t6WE,2025-05-16T09:00:08Z,REKIREM (ë ˆí‚¤ë ˜) ' á„’á…§á†«á„‰á…µá†¯á„Œá…¥á†¸á„‰á…©á†¨ç¾å®Ÿæ¥ç¶š ' MV
HnLmupJogu0,2025-05-24T03:04:59Z,IDOLiGHT (IDOLiGHT)
QMqouPgEMX4,2025-05-22T05:26:47Z,por ti
HM3zXf_K7sM,2025-05-30T09:01:35Z,ì €ê¸° ë–¨ì–´ì§€ëŠ” ë³„ì„ ë´ì¤˜ (Falling Stars) (prod. VLUE)
WB6ghEpJr5Y,2025-05-21T09:00:55Z,ê¹€ë®¤ì§€ì—„(KIMMUSEUM) X ë„ìœ ì¹´(DOYOUKA) - ë– ë‚œ ë„ˆí¬ë³´ë‹¤ ë‚  ë” ì‚¬ë‘í–ˆë˜ ì´ë³„ (Official MV)
lROO5y2ygN4,2025-05-30T04:03:46Z,ìˆ¨
thBaOTbFYVA,2025-05-29T09:01:37Z,What is
XeH4z3poP8Y,2025-05-29T09:04:19Z,Singularity
gbRV3hShGe8,2025-05-29T15:02:53Z,Kimagure Romantic
jVGAYZCgrhw,2025-02-03T09:03:23Z,"Warm Tone (Feat. LUXURY VILLA, OverTheZoo)"
UZ34FXPquTI,2025-02-12T09:01:30Z,"Burning slow (feat. Sik-K, GGM LIL DRAGON) (Remix)"
3RtfLHXB6qQ,2025-02-21T05:00:07Z,"88rising, YOUHA & Warren Hue - body"
Bq-tehO5VA0,2025-05-29T09:00:16Z,HOSOO(í˜¸ìˆ˜) 'Dr.B-PANG'(ë‹¥í„°ë¹„íŒ¡) Official MV
8Wl1QM3l22w,2025-05-30T03:00:19Z,Young & Free
1qHcZ7ZluxA,2025-01-30T15:00:03Z,B.I (ë¹„ì•„ì´) 3rd Album â€˜Wonderlandâ€™ Intro Film
3LXYNgBIE2Y,2025-06-01T03:16:06Z,ë ‰ìŠ¤ (LEX) - Let Me Go [ê°€ì‚¬/Lyrics]
xZkXMZlFbiI,2025-03-12T14:00:01Z,STAYC(ìŠ¤í…Œì´ì”¨) 'BEBE' MV Teaser #1
A8CYeBDHJd4,2025-05-30T03:59:59Z,Mark Tuan - High As You (Official Music Video)
HcprgjizuPo,2025-05-30T08:30:17Z,Noducksoon - drama [Official Music Video]
rCgjloxSvkw,2025-06-01T03:01:30Z,Blue Rose
JIylhy3ho9g,2025-04-22T10:00:28Z,keroppi
hIoGekC6GQc,2025-05-28T14:00:02Z,j-hope 'Charm of HOPE' Concept Film
6Q78RPXk2es,2025-05-30T12:15:03Z,Miiro ã€Œëª©ìˆ¨ã€ feat. ì•„ì¹´ë„¤ ë¦¬ì œ OFFICIAL MV
TRW_hNcTcJo,2025-05-22T15:00:48Z,ë¬¸ë³„ (Moon Byul) [ICY BBY] Logo Motion
k9kuXTI2qZk,2025-05-29T09:01:16Z,JISUYEON(ì§€ìˆ˜ì—°) 'ìˆ²ìœ¼ë¡œ ë– ë‚œ ë¬¼ê³ ê¸°' MV
V6foBMc7kZA,2025-05-26T10:01:39Z,skippy
CwWUSZlWzZs,2025-05-29T04:00:01Z,[TEASER] Solar Single [Floating Free] Guess Who?
NJkp34OS5kE,2025-02-16T09:00:32Z,[MV] GyeongseoYeji(ê²½ì„œì˜ˆì§€) _ Why is love so hard for me(ë‚˜ëŠ” ì‚¬ë‘ì´ ì™œ ì´ë ‡ê²Œ í˜ë“ ê°€ìš”)
h1PsdVXdAj0,2025-02-22T03:00:06Z,"[í’€ë²„ì „M/V] ì´ì˜ˆì€,ì•„ìƒ¤íŠ¸ë¦¬,ì „ê±´í˜¸ - MY LOVE (2025) ì›ê³¡:ë²„ì¦ˆ"
tbKNgK_u-u8,2025-06-01T09:01:12Z,[MV] GyeongseoYeji(ê²½ì„œì˜ˆì§€) _ Starlight Moonlight(ë³„ë¹›ë‹¬ë¹›)
EzXvFrKRBaI,2025-06-01T03:00:31Z,"QWER 'ë‚œ ë„¤ í¸ì´ì•¼, ì˜¨ ì„¸ìƒì´ ë¶ˆí˜‘ì¼ì§€ë¼ë„' Album Trailer"
AJ4x2VsxWpo,2025-06-04T15:00:27Z,aespa ì—ìŠ¤íŒŒ 'Dirty Work' INTRO
av3cohLabA8,2025-06-04T15:00:06Z,X-UNIT 1st Mini Album Official MV Teaser 1
z41w8drYENI,2025-06-04T09:01:23Z,[essential; With Artist] JUNNY (ì£¼ë‹ˆ) - Selfish
dQ5jWzNp0Gs,2025-02-08T07:11:43Z,[LYRIC] ì „ì˜ˆì§€(ê²½ì„œì˜ˆì§€) - í•œ ì‚¬ëŒì„ ìœ„í•œ ë…¸ë˜ Yeji(GyeongseoYeji) - The song for one
a599dVpdPmE,2025-05-29T03:02:41Z,.KR
FfRkWpndV9g,2025-05-22T10:05:17Z,Sweet
ruwH5O1OCQ0,2025-06-04T12:01:39Z,CRAVITY 'ë„ˆë¬´ ì‰½ê²Œ ë§Œë“¤ì–´ì§€ëŠ” ê²ƒë“¤ì— ëŒ€í•˜ì—¬ I Of Things That Come Too Easily'
herwD1Lm-KE,2025-05-31T03:02:46Z,ê¸¸ ìœ„ì—ì„œ
tO16-zBmmbw,2025-06-05T09:02:47Z,Seashell (ì¡°ê°€ë¹„)
5d5C3rKUb2E,2025-05-18T03:00:06Z,ìœ ë‹¤ë¹ˆë°´ë“œ - GET LUCKY! | Official Music Video
wU4DX002RBU,2025-06-05T09:04:07Z,ê°™ì´ ê°€ì
Fd71HoHirUI,2025-06-06T04:00:06Z,Jackson Wang - Hate to Love (Official Music Video)
Rh-YDkwZhW8,2025-05-13T03:18:17Z,ì •ìœ ì§„(Jeong Yujin) - ê·¸ë˜ë„ ê´œì°®ì•„(Will Be Fine) M/V
Qr_-4Njj-vA,2025-04-22T09:03:55Z,ANTISOCIAL FREESTYLE
-sKEWF0QyP0,2025-06-04T09:27:57Z,[Official Clip] ì •ì˜ˆì›(YEWON) - í‚¤ ì°¨ì´(Height Difference)
2X-409vwqN0,2025-05-31T06:00:06Z,RE:REVOLUTION 'í•‘í¬ë¹› ë¡œë§¨ìŠ¤ (ë¦¬ë ˆë³¼ë£¨ì…˜ : ìŠ¤ì¿¨ë¼ì´í”„ OST)' Official MV
0rG4WPZpGaY,2025-05-13T03:00:02Z,ìœ¤ë§ˆì¹˜ (MRCH) - ì´ˆë¡ Green we shared Official M/V
ktJyhPavV08,2025-06-05T16:01:15Z,JL -  Alon (Official Lyric Video)
i2wSqPVBbdE,2025-06-05T10:05:31Z,Flourish
jNPxEBh1e8E,2025-06-05T03:02:44Z,Wake Up
UhG_acO4uGA,2025-06-06T04:00:39Z,Gnarly (Lara of KATSEYE x Lancey Foux x Slush Puppy Remix) | KATSEYE
kbx0sg4S1cg,2025-05-11T03:00:47Z,KARDI(ì¹´ë””) - Not But Disco (Music Video)
aJv0bpjk06M,2025-04-30T09:00:02Z,"ë°•ê¸°ì˜ Park Ki Young, ìœ¤ë§ˆì¹˜ (MRCH) - Loveholic Official M/V"
pvp-z3FBrqo,2025-06-05T09:01:46Z,SMOKY
ENfwg_YlezY,2025-06-05T10:00:24Z,ìµœìœ ë¦¬ - ì ìˆ˜ [Teaser]
lNzLuzmx5aY,2025-06-06T04:01:03Z,Gnarly (Ice Spice Remix) | KATSEYE
fV8wbwb1DEM,2025-05-24T09:00:55Z,IRISÃ‰ (ì•„ì´ë¦¬ì œ) â€˜IRIDISCENTâ€™ Teaser - IRIDISCENT
zKw6UbYQ1jk,2025-06-06T09:01:37Z,ê¹€ë®¤ì§€ì—„(KIMMUSEUM) - ETERNAL AIRLINE I Lyric Video (KOR/ENG)
MOudTwsEXzU,2025-06-07T09:00:27Z,See you in my dream (ê¿ˆì—ì„œ ë˜ ë§Œë‚˜)
iT090ByZ_R8,2025-06-07T09:01:22Z,RUN STAR
dDp58AeqSE8,2025-06-07T15:00:03Z,OX:N (ì˜¤ì—‘ìŠ¤ì—”) | The 1st EP Album [N] Intro Film
3VYIFvN47UE,2025-03-11T03:00:02Z,Dive (Intro)
JRewH-ZFi24,2025-01-10T09:00:31Z,Spotlight
5jnCFHp7aAc,2025-06-08T03:01:08Z,Dancing in the dark
WxNNGLlKeNQ,2025-05-29T09:00:17Z,KIIRAS (í‚¤ë¼ìŠ¤) â€˜KILL MA BO$$â€™ OFFICIAL MV
CNd-r_hw2yM,2025-06-07T09:02:12Z,Reborn
NWbWth5ZB-o,2025-06-09T03:43:09Z,KIIRAS (í‚¤ë¼ìŠ¤) â€˜ZILLER!(ì§ˆëŸ¬)â€™ OFFICIAL PERFORMANCE VIDEO
UMyPIXARZeQ,2025-05-29T09:00:50Z,"Ghosts, We are (Intro)"
6f_P9WonjLc,2025-06-09T03:02:55Z,Melty Love
Zypw5EE-rrg,2025-06-08T15:01:00Z,Stray Kids ã€Hollowã€ Music Video Teaser 1
W2r6Gpl4orU,2025-04-25T03:02:40Z,Heart Manual
_6nTySlBYUY,2025-06-09T15:00:52Z,ì›ì–´ìŠ¤(ONEUS) 11TH MINI '5x' LOGO MOTION
cW6hi6iNpcE,2025-06-08T15:01:02Z,What is ALLDAY PROJECT?
_O2_J6qvVMY,2025-06-10T15:00:55Z,TWICEã€ENEMYã€Image Teaser
YR7EOzMZt1w,2025-06-10T09:00:50Z,ë¦´ë¦¬ (NMIXX) & ì§€ìš° (NMIXX) & ê·œì§„ (NMIXX) - Ridinâ€² (Prod. THE HUB)ï½œ WSWFï½œLyric Videoï½œStone Music Playlist
nRpnAWhTgho,2024-12-25T05:30:14Z,ì–´ë¼ì´ë²Œ(ARRIVAL) - 'It will be Happy Christmas' ã€Official MVã€‘
svg8ExyzkOc,2025-06-10T03:00:28Z,í•œí¬ (hanhee) - 'ì‚' Official MV
gbzesS9URDc,2025-06-11T09:01:06Z,ë°ì´ì°¨ì¼ë“œ(DayChild) - 'Click Clack' ì‘ì›ë²•
V4V6mToCWLM,2025-06-10T09:00:52Z,[M.V] HI ROSA - ê¹€ì™„ì„   ë®¤ì§ë¹„ë””ì˜¤
LFy4BL_FeuQ,2025-02-21T05:00:27Z,"Don Toliver, Speedy - LV Bag (feat. j-hope from BTS & Pharrell Williams) [Official Audio]"
OZD_EU_hMUQ,2021-03-01T15:01:04Z,Blue Side by j-hope
43hBPx09ZmQ,2025-06-12T09:00:04Z,[Monthly MINUTE] 'Tell Me Why' (Official Live Clip)
83RoM4DFoUc,2025-06-12T09:00:22Z,JUNG DAE HYUN(ì •ëŒ€í˜„) 'Stay' MV Teaser 1
vZPtyK9XCtU,2025-06-12T03:00:52Z,í”„ë¦¼ë¡œì¦ˆ(PRIMROSE) 'CINEMA' Official M/V
n9rG4TWS2x8,2025-06-13T10:00:02Z,XONIK(ì˜ë‹‰) Digital Single 'Private' M/V Teaser
RR0zgoY9Tq4,2025-06-13T03:00:07Z,DIGNITY (ë””ê·¸ë‹ˆí‹°) 'SWEET2TH' MV Teaser
DiPTtayLBdc,2025-06-13T09:03:39Z,Demons
9iHCMUYK4tg,2025-06-13T09:00:29Z,"ìœ ê²¸ (YUGYEOM), ì •ê·œ 2ì§‘ [Interlunar] Highlight Medleyã…¤"
WgUazhiHyy8,2025-03-29T09:00:06Z,ë¸”ë¦¬ì¦ˆ ( VLYZ ) - Harder | Official MV
Swhv-DA9ysc,2025-05-22T03:00:27Z,LUMINA(ë£¨ë¯¸ë‚˜) 'Closer' Official Lyric Video | Digital Single
EJgNUozioto,2025-06-13T09:30:06Z,ë¸”ë¦¬ì¦ˆ ( VLYZ ) - Watch Me | Official MV
uQsYSr64Nsg,2025-06-13T09:01:23Z,"ê°•ìŠ¹ì›, ì†Œìˆ˜ë¹ˆ - ì‹œê°„ì—¬í–‰ (Time Travel) [Lyric Video]"
fFCz81aE1w8,2025-06-14T03:03:51Z,UnderControl (ft. moon)
MT_UZ29w4gM,2025-03-05T08:45:51Z,COCONA - Where's my soul (???)
_kfpBH8fr9Q,2025-06-14T03:02:52Z,That's just how I feel
aZPhaD9M8P8,2025-06-13T09:01:52Z,What about Next Spring (feat. Kim Daniel of wave to earth)
AxBEV7M8E1c,2025-06-13T04:04:34Z,Girls Will Be Girls (English Ver.)
4p3__pIFO0k,2025-03-22T10:59:11Z,Risky (feat. Khundi Panda) Official MV
H0i9lRosGHo,2025-06-13T08:59:30Z,MYNAME - VIVID_Official Teaser
_LvN1NhCeIU,2025-05-30T09:00:58Z,Nothing
5eCFXT6Gnio,2025-06-16T10:00:04Z,PLAVE 'ã‹ãã‚Œã‚“ã¼ (Hide and Seek)' M/V
uWT79Qq52sU,2025-06-15T15:00:17Z,Baby DONT Cry - 'ì§€ê¸ˆì„ ë†“ì¹˜ë©´ ë¶„ëª… ë„ˆ í›„íšŒí•  ê±°ì•¼' MV
JABsbaGwHcw,2025-06-15T03:02:57Z,ë­”ë°
8mOuSV4RzdY,2025-06-16T04:00:01Z,ATEEZ(ì—ì´í‹°ì¦ˆ) - 'Lemon Drop (TOPPINGS Drift Ver.)' Lyric Video
GqRkcX25TPM,2025-06-12T15:00:24Z,Ëšâ‚Šâ€§ê’°áƒ H2H STYLISH PHOTO BOOTH à»’ê’± â€§â‚ŠËš
E1_1-9Sd6rY,2025-06-16T09:30:15Z,"ê¹€ì§€ì›…, ë¦¬í‚¤, ê¹€ê·œë¹ˆ, í•œìœ ì§„ (ZEROBASEONE) â€“ ë‹¬ë ¤ê°€ [STUDIO LIVE]â”‚I AM A RUNNING MATE ëŸ¬ë‹ë©”ì´íŠ¸ OST Special Track"
q9leDzlNEaY,2025-06-13T03:59:11Z,j-hope â€˜Killin' It Girl (feat. GloRilla)â€™ Official MV
pUeR7bwmtk8,2025-06-17T03:03:21Z,Wish
7qg_I0fUOZg,2025-06-16T15:00:00Z,"KATSEYE (ìº£ì¸ ì•„ì´) ""Gabriela"" Official MV Teaser 1"
fx7ASf23UH4,2025-05-16T09:02:11Z,Fate
XZWGSJQ4jso,2025-06-05T15:26:50Z,POW 3rd EP [Being Tender] Album Sampler
IaZiKVeDevo,2025-05-16T09:01:37Z,YOAMJAE
DY99H9kkmnc,2025-06-16T11:32:23Z,VVUP â€˜Giddy boyâ€™ MV Teaser 1
82c8yho42AA,2025-06-18T03:04:34Z,ì–´ì©Œë©´
JtQXJF5-dc8,2025-06-18T09:00:26Z,"BE BOYS (ë¹„ë³´ì´ì¦ˆ) 'I'M SO SORRY, BUT I LOVE YOU' Official MV"
nqBnrY6GrtY,2025-06-17T09:01:06Z,NOWZ (ë‚˜ìš°ì¦ˆ) 'ììœ ë¡­ê²Œ ë‚ ì•„ (Feat. ìš°ê¸° (YUQI))' Official Music Video
VVLa6fm4DrM,2025-06-16T15:00:23Z,KARD 'DRIFT' Concept Spoiler
QO7SpI4T-7k,2025-06-16T09:00:38Z,Dane (ë°ì¸) - Magic! [Teaser]
aU8CK3BA4Ww,2025-06-19T09:00:02Z,[Lyric Video] íƒœí˜¸ (TAEHO) - ê·¸ ì—¬ë¦„ë‚  ìš°ë¦¬ | ë¦¬ë¦­ë¹„ë””ì˜¤
blDmPGaGa9Y,2025-06-20T07:00:42Z,[Teaser] XIA (ì¤€ìˆ˜) - ë‚´ê°€ ì£½ìœ¼ë ¤ê³  ìƒê°í•œ ê²ƒì€ (6/26 (ëª©) ì˜¤í›„ 6ì‹œ ìŒì› ë°œë§¤)
Y9d-msJ5N-g,2025-06-19T09:01:32Z,ì²« í˜ì´ì§€
kEmYsca-CU4,2025-06-19T09:01:06Z,[MV] BXB - ì¢‹ì€ ë‚  (ë³¼ë³´ì´íƒí‹±ìŠ¤ O.S.T Part.3)
b3ZJPaCOx0I,2025-06-19T15:00:06Z,"Jang Wooyoung ""Simple dance"" M/V Teaser"
lKrspmmsCOo,2025-06-19T09:01:11Z,BIG Naughty 'MUSIC (Feat. ì´ì°¬í˜)' Official MV
LzfbiTGS7KE,2025-06-20T09:02:37Z,If it was me (Piano by Park Bo Gum)
9v_-Td_0yC4,2025-06-21T15:00:14Z,SUPER JUNIOR  ìŠˆí¼ì£¼ë‹ˆì–´ 'Super Junior25' Trailer
5ty7c5t8lUY,2025-06-20T09:00:02Z,fromis_9 (í”„ë¡œë¯¸ìŠ¤ë‚˜ì¸) 'From Our 20â€™s' HIGHLIGHT MEDLEY
esp_gUf2CK0,2025-06-20T03:03:48Z,I Make My Choice
u7I4aL6X7i4,2025-06-23T03:02:31Z,High Five
-aBFyYhHZOo,2025-06-16T15:00:00Z,Scheduler AHOF The 1st Mini Album [WHO WE ARE]â« 2025.07.01. 6PM (KST) #AHOF #ì•„í™‰ #WHOWEARE
VRvu3V55nfI,2025-06-22T15:00:44Z,NCT DREAM 'Go Back To The Future' Ultimate Hoverboard
HmFUIJiISxY,2025-06-21T15:00:07Z,KISU - 'Daqui Pra Sempre'('SIDE B' Vol. 4) Visualizer
Sx4iTCWze_o,2025-06-15T15:00:02Z,ì˜¨ìœ  ONEW 2ND ALBUM [PERCENT] PROMOTION PLAN
9esJ8CnrhCU,2025-06-12T15:00:07Z,ì˜¨ìœ  ONEW 2ND ALBUM [PERCENT] Trailer G
p-11lL9mDxQ,2025-04-11T03:01:27Z,Magical Christmas
bAynBoGBqEM,2025-06-23T12:01:09Z,Jessi (ì œì‹œ) - 'Newsflash' ğŸ“ºï¸ 2025.06.27 ğŸ”œ #ì œì‹œ #Jessi #Newsflash #Jessi_Newsflash
U0SSk3ZadbM,2025-06-23T15:00:05Z,BABYMONSTER Digital Single [HOT SAUCE]
UG5jR87TtJA,2025-06-20T03:09:32Z,VVUP (ë¹„ë¹„ì—…) 'Giddy Boy' MV
LYCTAeLaE0I,2025-06-25T09:00:36Z,ëª¨ëª¨ëœë“œ (MOMOLAND) - BAAM (EDM Remix) [Teaser]
C-v5bYqOVpk,2025-06-25T11:00:03Z,WONHO ì›í˜¸ 'Better Than Me' Teaser
bHgT-hdNAXo,2025-05-24T03:03:55Z,OVERCOMING (INTRO)
EuHr3gQdjOo,2025-06-25T09:00:19Z,ì •ìš©í™” (JUNG YONG HWA) 'Night Runner (Shooting Star)' MV TEASER 1
3YpJ-sD5Xng,2025-06-25T09:00:09Z,Riaan (ë¦¬ì•ˆ) -  Ben & Jerry (Feat. JUNNY) [Live Performance]
V5OXbVlnxic,2025-03-29T03:03:19Z,SAY!
CPQykIvczJU,2025-06-24T15:00:00Z,"ATEEZ(ì—ì´í‹°ì¦ˆ) - In case you're not ready yet, take it."
SJrklhlVztA,2025-06-24T09:00:38Z,If Only
Y1Lw8RiIyLI,2025-06-23T09:00:59Z,YOON SAN-HA ìœ¤ì‚°í•˜ - 2ND MINI ALBUM 'CHAMELEON' MOODFILM #EXTERNAL
Vd65l451KI4,2025-06-26T09:00:43Z,[Official] 'XIA (ì¤€ìˆ˜) - ë‚´ê°€ ì£½ìœ¼ë ¤ê³  ìƒê°í•œ ê²ƒì€' Special Clip (Full ver.)
P9IuJcJCNsI,2025-06-25T15:00:01Z,TXT (íˆ¬ëª¨ë¡œìš°ë°”ì´íˆ¬ê²Œë”) The Star Chapter: TOGETHER
u-SgOAZyZ0o,2025-03-19T10:00:13Z,ê³µì› - ìœ¤ìŠ¬ MV | DEBUT EP [01] ì„ ê³µê°œ
nDqYdjwuDRI,2025-06-26T03:00:04Z,CATCH THE YOUNG 'ì´ìƒí˜•(Ideal Type)' Music Video
KhPFdHWEnGo,2025-01-31T09:00:23Z,Riaan (ë¦¬ì•ˆ) - Adore You [Official Music Video]
_oxkM9D6ZlY,2025-06-27T04:04:55Z,ë¹Œë ¤ì˜¨ ê³ ì–‘ì´ (Do the Dance)
UrIYVetyV-Q,2025-06-26T15:00:51Z,HAN SEUNG WOO í•œìŠ¹ìš° 4TH MINI ALBUM [TOP NOTE] HIGHLIGHT MEDLEY
yeDXaxUNzEQ,2025-06-27T01:00:59Z,"ã€ğ—§ğ—µğ—²ğ—ºğ—². ğŸ²ã€‘""ğŸ ( ) ğŸ"""
AX0jQYaIeDc,2025-06-27T04:00:06Z,Alex Warren & ROSÃ‰ - On My Mind (Official Music Video)
0HqGFEzEJtg,2025-06-26T09:03:58Z,Good for U
Z_yvJ2k8QMQ,2025-06-19T10:02:55Z,Soda Pop
41vCvQzydy8,2025-06-06T08:59:26Z,dearALICE - Sweet (Official Music Video)
7XRcflf_E0c,2025-06-19T10:03:01Z,"TAKEDOWN (JEONGYEON, JIHYO, CHAEYOUNG)"
rkYuufTXkL8,2025-06-19T10:02:43Z,How Itâ€™s Done
2h5tva_XJXM,2025-06-28T09:02:55Z,FALL
IKrHWN37GNQ,2025-06-24T13:00:35Z,ì¡°ìœ ë¦¬ The 3rd Mini Album 'Episode 25' ì´ì œ ì•ˆë…•! (Farewell for now!) 2025. 07. 14. 6PM (KST) #ì¡°ìœ ë¦¬
ejpX3fTXQDQ,2024-12-16T03:00:32Z,ìœ„ì‹œ (WISH) - whatâ€™s your wish? MV
g7Sdo5CqHbw,2025-02-22T02:33:38Z,WISH (ìœ„ì‹œ) & GIA (ì§€ì•„) â€“ I've Just Learned to Love [Official MV]
PdqePTWMDSg,2025-06-29T03:02:07Z,ë¹ˆë§
o8Qmkz0emPk,2025-06-28T03:01:11Z,A Day Without you
-EK0Ko7Z9co,,
uVFoKBZh3tU,2025-06-30T09:01:25Z,NouerA n (number of cases) MV
mlFYPXLeJm4,2025-06-29T14:59:57Z,JEON SOMI(ì „ì†Œë¯¸) - â€˜EXTRAâ€™ M/V TEASER
WGIIDxycxjo,2025-06-29T15:00:06Z,ë°±í˜¸ (BAEKHO) 'RUSH' VISUAL PIECE 1/B
Arudb0XC6u4,2025-06-29T15:00:27Z,ì´ì°¬í˜ (LEE CHANHYUK) - [EROS] ANNOUNCEMENT
_RpfZimvX_M,2025-06-30T15:01:05Z,í¼í”Œí‚¤ìŠ¤(PURPLE KISS) 'I Miss My...' Logo Motion
tKlWejma2wo,2025-06-30T09:01:24Z,JAYN LEE '2/2' MV
c9J5Szk7-2Y,2025-06-30T03:00:44Z,Like You (ë„ ë‹®ì•„ê°€)
OJ8htxQx8jM,2025-06-30T04:00:35Z,Dirty Work (RayRay Remix)
zlJjCKIg7QI,2025-06-30T09:03:26Z,UPSIDE DOWN
Jv0vbGSW1eA,2025-03-26T09:00:21Z,JAYN LEE 'Pillow Talk' Official Visualizer
HGq91f-6ouk,2025-04-09T04:00:01Z,xikers(ì‹¸ì´ì»¤ìŠ¤) - 'BREATHE (tankzzo Ver.)' Lyric Video
ZbO9PBdFRdc,2025-07-02T09:00:00Z,RESCENE(ë¦¬ì„¼ëŠ) 'Deja Vu' Official M/V
CIsEE6BfJ9M,2025-03-16T03:00:19Z,ë°•ì„œì˜ Park Seo Young - Universe (Official Video)
Es7ivQl99HI,2025-07-02T03:00:53Z,í¬ë”ëª¨ì–´ (For The More) - í”¼ë‚ ë ˆ (Finale) | MV
hV7RHU0Svd8,2024-05-29T09:02:52Z,LOOP (feat. Lil Cherry)
UeIeli0LNQ4,2025-04-08T04:00:24Z,xikers(ì‹¸ì´ì»¤ìŠ¤) - 'BREATHE (Kikoi Ver.)' Lyric Video
xn8mQqz2xmM,2025-07-01T09:00:07Z,BABYMONSTER - â€˜HOT SAUCEâ€™ M/V
57uo7v_CAPw,2025-04-07T04:00:03Z,xikers(ì‹¸ì´ì»¤ìŠ¤) - 'BREATHE (Speed Up Ver.)' Lyric Video
EsHk1bUpkGQ,2025-07-02T03:00:30Z,TRIGER(íŠ¸ë¦¬ê±°) - 'ì¢‹ì•„ (HOPE)' Official MV Teaser
5MK1eJ30Isw,2025-07-02T09:00:08Z,Glass Heart (Glass Heart)
yzSgtOko0Po,2025-06-27T15:02:06Z,Simmer (Japanese Version)
fWmpzmBOW7Y,2025-07-02T09:00:59Z,BLINGONE(ë¸”ë§ì›) 'ë¯¸ìŠ¤í„°' M/V
oWfR7sKGu_o,2025-02-28T17:45:39Z,T.EV íˆ¬ì—ë²„ 'Spectrum' [Official Audio]
i8B2lFVy6kA,2025-07-02T09:01:10Z,ğŸ’§ğŸ©¹ğŸŒ€ğŸ”‰
dSkx-D2bEio,2025-07-03T10:02:37Z,Floating Free (Solar Ver.)
fs6SqNi0S6k,2025-07-04T03:00:46Z,1VERSE ìœ ë‹ˆë²„ìŠ¤ 'Multiverse' Official MV
9gS6W6rFddk,2025-07-04T09:00:16Z,ILHOON - EXIST (Feat. YUNHWAY) (Official Teaser)
hxMcN-cIpJc,2025-07-03T15:03:16Z,Shine On Me
97mFAsQ6YsM,2025-07-05T03:00:10Z,[MV] ìœ¤í˜¸ (YUNHO of ATEEZ) - ë„ ë§Œë‚˜ëŸ¬ ê°€ (On My Way to You)
sjVZ21P0B74,2025-07-01T03:01:09Z,HOSOO(í˜¸ìˆ˜) - 'We Don't Cry' Official MV
HFZUAXhdnHk,2025-06-08T15:00:05Z,LE SSERAFIM (ë¥´ì„¸ë¼í•Œ) 'DIFFERENT' OFFICIAL MV
WvDLvYZzC9Y,2025-07-06T09:02:48Z,Time Lapse
BKm-Cmh-8sE,2025-06-25T09:00:30Z,í˜ë…¸ë©”ì½” (PENOMECO) - 'My Chick (Feat. Lil Cherry)' Official Visualizer
sT24ed9AJtg,2025-07-06T09:01:25Z,Because It's Raining (ë¹„ì˜¤ë‹ˆê¹Œ)
i4c6m49jbu4,2025-07-05T09:00:11Z,ìœ ë‹¤ì—°(YOU DAYEON) 'Oh My' Official MV
y9siAY03BCQ,2025-07-07T09:00:01Z,"Xdinary Heroes ""FiRE (My Sweet Misery)"" M/V"
AvypHCP30Cs,2025-07-07T12:00:20Z,ê°•ìœ ì°¬(KANG YUCHAN) - Champagne Poppinâ€™ MV Teaser #01
RGpnlEcruSU,2025-04-24T09:02:53Z,Begin
iKcwkvQnImo,2025-06-26T10:59:01Z,CLOSE YOUR EYES 'Snowy Summer' Highlight Medley : Whispers of a Ghost
x9aTWqMoz_k,2025-04-01T09:00:51Z,ì¹˜ì¦ˆ (CHEEZE) - ì§‘ ë°ì´íŠ¸ Official M/V
IgywphLf1ps,2025-07-07T09:00:35Z,Nobody Knows It
EIL1MXBv8Pk,2025-07-07T09:00:25Z,ì¡°ìœ ë¦¬ (JO YURI) | 'ê°œì™€ ê³ ì–‘ì´ì˜ ì‹œê°„ (Growls and Purrs)' VHS Diary
IG_KWRuAsGA,2025-07-06T09:03:41Z,Whatâ€²re you doing tonight?
1_POUdzAiyA,2025-07-07T09:00:03Z,LEECHANGSUB ì´ì°½ì„­ - â€˜ë¶€ë¦‰ë¶€ë¦‰(Vroom Vroom)â€™ M/V
XcZf9KI7sx4,2025-07-07T03:00:40Z,[MV] TIOT(í‹°ì•„ì´ì˜¤í‹°) _ RUN RUN BAREFOOT(ë§¨ë°œì˜ ì²­ì¶˜)
vvMjzTHHdww,2025-03-16T09:01:37Z,Like a dream
GGYo0Ya-4xE,2025-07-07T09:00:22Z,HITGS(í›ì§€ìŠ¤) 'CHARIZZMA' MV
VSlfs3s5mtk,2025-07-07T15:00:02Z,BLACKPINK - â€˜ë›°ì–´(JUMP)â€™ M/V TEASER
uav-2BxMv9U,2025-07-06T09:04:09Z,Time Lapse
h7ouCL2WZ5o,2025-07-07T15:01:16Z,ì—ì´ìŠ¤(ACE) - Need U (Teaser)
gjHcbWTXqEY,2025-07-08T09:00:02Z,VIVIZ (ë¹„ë¹„ì§€) - 'La La Love Me' MV
nhntH2wn3m0,2025-07-06T03:00:02Z,[MV] í•œë¡œë¡œ (HANRORO) - ë„ë§ (Can I Be Me?)
fCVqOG8F8NI,2025-07-07T03:01:51Z,Ceci
eM8wJQUvqtI,2025-07-06T09:01:52Z,Hotline (Feat. Vincent Blue) (Hotline (Feat. Vincent Blue))
TaMDD8tebc0,2025-07-08T09:00:42Z,ì´ë¯¼í˜ (HUTA) EP ALBUM â€˜HOOKâ€™ Album Trailer
fcBpQYnNsQ0,2025-07-09T03:02:43Z,Shaking My Head
Ui6G36AH2cQ,2025-07-09T09:00:55Z,ì˜ì¬(YOUNGJAE) 'ë„ë§ì¹˜ëŠ” ê±´ ë¶€ë„ëŸ½ì§€ë§Œ(Escape To Me)' MV
yebNIHKAC4A,2025-06-23T22:30:00Z,â€œGoldenâ€ Official Lyric Video | KPop Demon Hunters | Sony Animation
wxJn3ntOzo0,2025-06-27T09:02:54Z,My Name Is Malguem
JGm4y5LrNck,2025-07-10T09:00:34Z,n.SSign(ì—”ì‹¸ì¸) - 'Itty Bitty (KOR.)' Special Memories in LA
HxROxHdBQ2g,2025-04-17T04:00:17Z,"ë¯¸ì—°(MIYEON), Jike Junyi - 'Glow Up' SPECIAL CLIP"
fnwrXSoMWQY,2025-05-29T10:05:20Z,Happy Space
_rZv_WE4tNM,2025-07-11T15:01:09Z,HYO íš¨ì—° 'YES' Official Video Teaser #1
4Tp4mmHlvRY,2025-07-04T09:00:07Z,[Solo Leveling:ARISE x i-dle] â€œARISEâ€ğŸµ Music Video Short Film Version Revealed!
8wKIggUnUVY,2025-07-12T09:00:06Z,"ë…¸íƒœí˜„ - ì‚°ë”ë¯¸ (Dummy Dummy) (feat. ê¹€ë™í•œ, ê¹€ìƒê· , ê¶Œí˜„ë¹ˆ, ì¼„íƒ€) MV"
GQKS6wsybyE,2025-01-23T03:00:16Z,[Official Audio] Siwoo(ì‹œìš°) - Rainy Day Reverie
I59enzHf2bs,2025-07-13T09:00:21Z,[ì„œì´ˆë™ (Law and The City) OST Part 1] í•˜ì„±ìš´ (HA SUNG WOON) - ê·¸ë•Œì˜ ë‚˜ì—ê²Œ (Dear my past self) MV
99Dtv9F4yfo,2025-07-13T15:02:16Z,Where love passed
aNBiA1NKdOg,2025-04-11T09:00:01Z,ì„¸ì´ë§ˆì´ë„¤ì„(SAY MY NAME) 'ShaLala (Japanese version)' MV
jDn427-eusY,2025-07-14T09:04:11Z,WA
RvYLJh1SCWs,2025-04-02T10:03:38Z,Be Mine
5kMOgZ1IpnM,2025-07-10T03:00:06Z,HYOLYN (íš¨ë¦°)  'YOU AND I' M/V TEASER
pbsKbpKotfY,2025-07-14T03:01:21Z,I Fall in Love
KRRU59JrsC4,2025-07-14T04:00:01Z,ATEEZ(ì—ì´í‹°ì¦ˆ) - 'In Your Fantasy (Yaeji Ver.)' Lyric Video
GoA5PGZo6YU,2025-07-15T09:00:21Z,ONE PACT 4th Mini Album â€˜ONE FACTâ€™ ğŸ’¿ ğ—§ğ—¥ğ—”ğ—–ğ— ğ—Ÿğ—œğ—¦ğ—§ RELEASE!#ONEPACTÂ #ì›íŒ©íŠ¸ #ONEFACT #20250722_12PM
Mk-lWh31BK4,2025-07-15T09:00:36Z,aespa x PUBG 'Dark Arts' Collaboration Film
-FYqar9V2OA,2025-07-15T09:00:00Z,HYOLYN (íš¨ë¦°) 'YOU AND I' M/V
ool85N-OhXM,2025-07-13T15:01:18Z,100%
J__90L047eI,2025-07-16T03:09:17Z,[Special Clip] kursor - Mirror
TLbvzVKroWQ,2025-07-15T03:00:28Z,SEVENTOEIGHT - â€˜PDSRâ€™ (Please Donâ€™t Stop the Rain)  MV
2QmF0B2vQMs,2025-07-15T03:00:03Z,DOHA(ë„í•˜) - 'Zipper' Official MV
N7jXK752k1w,2025-07-16T09:00:36Z,loverboy
Iy8-qPT8rQE,2025-07-16T09:00:01Z,xikers(ì‹¸ì´ì»¤ìŠ¤) - 'Up All Night' Official MV
bJmjcymsK6g,2025-06-18T03:04:40Z,That's me
95vnWIWU2tA,2025-07-04T03:04:15Z,Overrated
_MQPXxKQ-dg,2025-06-19T03:00:44Z,NINA(ë‹ˆë‚˜) 'Freeze!' Official MV
8nAnoSJ7UAE,2025-07-14T15:00:08Z,LIM SEUL ONG ì„ìŠ¬ì˜¹ - Rainbow Light (Official Music Video)
3hJCo2UOrhg,2025-07-12T10:00:06Z,ã€Originalã€‘ SYNDROME - ì‹¸ì´ì½”ë“œ(Psychord)
NtDzH9Imz-8,2025-07-16T09:00:28Z,ARrC (ì•„í¬) 'awesome' MV
kFipqqUntXU,2025-07-05T09:01:02Z,Jvcki Wai x vangdale - 'GG' Official MV [ENG/JPN/CHN]
Iu4qA8FrUz8,2025-07-17T03:00:07Z,"ì”ë§ë£¨í”¼ X tripleS ì„œì—°, í˜œë¦°, ìœ ë¹ˆ, ì‹œì˜¨ 'PinkPower' Official MV"
gC7cURZsiH8,2025-07-16T12:00:07Z,IVE ì•„ì´ë¸Œ 'Be Alright' MV
j8sdZyr8yMI,2025-07-07T15:01:15Z,"ã€ğŸ—¡ å‰£è–ãƒ¢ãƒ¼ãƒ‰ã€‘ cosmosy ""BabyDon'tCry=BreakingTheLove"" Official Teaser"
JC2J-10_8wk,2025-07-16T15:00:07Z,ì›ìš° (WONWOO) â€˜ê³ ê°œâ€™ Official MV
v22K_Cyvspw,2025-07-03T15:00:01Z,[PREVIEW] BTS PERMISSION TO DANCE ON STAGE - SEOUL SPOT
JK-7RKsU3fw,2025-07-18T04:00:22Z,WayV å¨ç¥V 'BIG BANDS (ç‹‚æƒ³æ›²)' MV
7ZSUITgxjw4,2025-07-18T10:13:24Z,[MV Teaser] ì„œì¸êµ­ (SEO IN GUK) â€˜æ˜¼å¯â€™ Official Music Video Teaser
H8MutZ54wXc,2025-05-02T09:00:34Z,pH-1 'GOSHA (Feat. Karencici)' Official MV
vkQ7pM2Rb3s,2025-07-16T09:00:08Z,[MV] ì†Œìœ  (SOYOU) - PDA
9ixxUqV73Fk,2025-01-08T09:01:06Z,K-FLIP (K-FLIP)
2c-wYRiITQA,2025-07-17T13:27:46Z,SEUNGHYUN ìŠ¹í˜„ - ì•„ë¬´ë ‡ì§€ ì•Šì•„ (I'm fine) (feat. JAEHA) (Official Audio)
c3mnsAW1WwQ,2025-07-18T15:01:05Z,ë‚¨ìš°í˜„ (Nam Woo Hyun) 5th Mini Album [Tree Ring] ğ— ğ—¼ğ˜ƒğ—¶ğ—»ğ—´ ğ—£ğ—¼ğ˜€ğ˜ğ—²ğ—¿ #ğŸ­
oadi-X_AvHA,2025-07-19T09:01:25Z,THUNDERSTORM (THUNDERSTORM)
BxY5l4ZK61I,2025-07-18T04:00:15Z,Monster High Fright Song ft. KATSEYE | Official Music Video | Monster High
NFXxhdwuBXY,2025-07-18T08:59:58Z,ë°•ì¬ë²” (Jay Park) - 'Remedy' Official Music Video
8V2SpdoRxTk,2025-02-12T09:00:09Z,[MV] MIYEON ((G)I-DLE))(ë¯¸ì—° ((ì—¬ì)ì•„ì´ë“¤)) _ Red Moon(ì ì›”)
uy6deO3OWas,2025-07-19T13:00:06Z,WONSIK - Beautiful Beautiful  | [ TMC | Too Many Color ]
CgCVZdcKcqY,2025-07-11T04:00:07Z,BLACKPINK - â€˜ë›°ì–´(JUMP)â€™ M/V
hdLI_UzpMgw,2025-07-15T09:01:08Z,[ê²¬ìš°ì™€ ì„ ë…€ (Head over Heels) OST Part 5] ë¯¸ì—° (MIYEON) - ìš°ë¦¬ ìš°ì—°íˆ ë§Œë‚˜ (When we meet again) MV
edTij5oTD6U,2025-06-11T16:05:00Z,The Deep - Killing Me Slowly (official video)
cVY-lgH0jhA,2025-07-20T14:00:02Z,ì–´ì„¼íŠ¸(ASC2NT) 3rd Single Album ğ˜¾ğ™Šğ™‰ğ™‘ğ™€ğ™ğ™ğ™„ğ™Šğ™‰ ğ™‹ğ˜¼ğ™ğ™.ğŸ® [ğ˜½ğ™‡ğ™Šğ™Šğ™ˆğ™€ğ˜¿] HIGHLIGHT MEDLEY
D5QtUaIuW5E,2025-07-21T09:00:01Z,EPEX(ì´í™ìŠ¤) - í”¼ì¹´ì†Œ M/V (Vertical Version Only)
YN8sIDIp78k,2025-07-21T09:00:57Z,[Monthly MINUTE] 'LAST LETTER' (Official Live Clip)
7_yW-9m57ng,2025-07-20T03:00:09Z,[MV] BABY BLUE(ë² ì´ë¹„ë¸”ë£¨) - Cure
3mqMQUSyLPA,2025-07-21T09:01:06Z,SAAY - F*cked Up (Official Music Video)
1VO5KiU-7Eg,2025-06-04T09:03:47Z,Hate & Love
ZIUNkJ2V0cs,2025-07-19T10:02:41Z,å¤ã®åƒ•ã‚‰
GpRczHt0lBE,2025-07-19T15:02:23Z,æœˆã®è£ã§ä¼šã„ã¾ã—ã‚‡ã†
DLZ8DogIMPs,2025-06-30T03:02:29Z,Loyal Girl
W6qfC4DtcYc,2025-07-11T10:01:04Z,ë°•ì œì—…(PARK JEUP) - 3RD MINI ALBUM 'Archive' Highlight Medley
wa0Eh9C7CCI,2025-07-07T13:00:20Z,EVNNE 5th Mini Album [LOVE ANECDOTE(S)] Logo Motion
8tzv_THMMj4,2025-07-22T09:00:11Z,JAY ê¹€ì§„í™˜ - 'We Canâ€™t Explain' PERFORMANCE VIDEO Teaser
4RTcBgcVtOE,2025-07-22T02:04:53Z,Kiss Kiss Shy Shy (Korean Ver.)
dF9rN7eOVks,2025-07-21T12:01:13Z,Yves â€˜White catâ€™ MV Teaser
E3Xgzzh50H0,2025-07-20T09:01:51Z,Detour
R8kRJ6FFUsA,2025-07-13T12:30:11Z,What did you do yesterday?
lB3C0Kpbg_0,2025-06-24T11:01:14Z,á„‹á…®á„‹á…¨á„…á…µá†«(Woo Yerin) - 'á„á…µá†¼á„á…¥á„‡á…¦á†¯ (tinker-ton)' Official MV
AZaNvjs7PeQ,2025-07-21T15:00:16Z,KEY í‚¤ HUNTER - The 3rd Album | Mood Film 1 : Trace
5GAGJt4Vew0,2025-07-08T15:00:10Z,ë”ë³´ì´ì¦ˆ (THE BOYZ) The 10th Mini Album [a;effect] Trailer
mUeTDV07F9o,2025-07-19T15:00:13Z,ZEROBASEONE (ì œë¡œë² ì´ìŠ¤ì›) THE 1ST FULL ALBUM âğ™‰ğ™€ğ™‘ğ™€ğ™ ğ™ğ˜¼ğ™” ğ™‰ğ™€ğ™‘ğ™€ğ™â Moving Poster
DbWHR_DDfUY,2025-07-19T03:00:13Z,The Starborn (E7WC 2025 OST) / Epic Seven x DAZBEE
IVDMKsJj-pQ,2025-07-18T09:01:44Z,Break the Darkness
7wmI0p2E6j0,2025-07-12T15:00:01Z,SHIN SOOHYUN 2nd Single 'TODAY IS' TEASER
q35LeLrG7m8,2025-07-21T12:01:30Z,ğ’šâ€™ğ’‚ğ’ğ’ ğ’“ğ’†ğ’‚ğ’…ğ’š?
yDBteBsTNnI,2025-07-01T09:01:29Z,Love Letter
kOV4qANBdPE,2025-07-21T15:08:49Z,nÃ¦vis ë‚˜ì´ë¹„ìŠ¤ â€˜Sensitiveâ€™ A Romantic Moment
W8ml4ryPwic,2025-07-21T09:00:01Z,STAYC(ìŠ¤í…Œì´ì”¨) â€˜I WANT ITâ€™ MV
nJdlElIDWYE,2025-07-10T08:59:31Z,CrazAngel (í¬ë ˆì´ì¦ˆì—”ì ¤) 'I'm Just Me' Official MV
ltOT9r6oa8g,2025-06-30T15:00:01Z,EPEX 3rd Album ì†Œí™”(éŸ¶è¯) 3ì¥ : ë‚­ë§Œ ì²­ì¶˜ (Youth Chapter 3 : ROMANTIC YOUTH)
XW1-morHUiU,2025-07-22T09:00:54Z,ì˜¤ë§ˆì´ê±¸(OH MY GIRL) 'ì¼ê¸°ì˜ˆë³´' Special Clip
x6ICoe6Ntnw,2025-07-18T03:01:08Z,NewL ë‰´ì—˜ Sweet Palace Official MV (Clean Ver)
XuBE8ns_Ato,2025-07-24T03:00:39Z,Yves 'White cat' Official MV
ZZ1lfi_oXto,2025-07-24T09:00:12Z,STEP IT UP
LRhTNZ99LDY,2025-07-24T09:00:34Z,JAY ê¹€ì§„í™˜ - 'We Canâ€™t Explain' PERFORMANCE VIDEO
Ns216UEVvRQ,2025-07-23T15:00:02Z,ë¬¸ë³„ (Moon Byul) 4th Mini Album [laundri] TRAILER
gEDtbt5-wtU,2025-07-24T03:01:10Z,On My Way
SI0h-FkWd08,2025-07-24T09:00:45Z,[Special Clip] ì‚°ë“¤ - ì˜ëìœ¼ë©´ ì¢‹ê² ë‹¤
KEFG06sNbDs,2025-07-23T09:00:27Z,RNSSNC (RNSSNC)
u0nVsDzpjRU,2025-07-24T09:01:21Z,[Lyric Video] 10CM / ì‹­ì„¼ì¹˜ - á„á…®á†· (Feat. ë¹„ë¹„(BIBI))
rRzdwV0Tr6w,2025-07-25T09:01:22Z,[MV] ì†”ë¼ (Solar) Single 'Floating Free' (Korean Ver.)
DX_QE4d5fP4,2025-07-25T09:00:18Z,DAZBEE (ãƒ€ã‚ºãƒ“ãƒ¼) | â€˜ãƒ“ã‚¿ãƒ¼ãƒ­ã‚¹ (Bitter Loss)â€™ M/V Teaser
Kubud_aEkN0,2025-07-24T15:00:02Z,"Stray Kids ""KARMA"" Trailer"
1XAhJEswbCM,2025-06-18T09:01:56Z,SUNLIGHT
1ObLUoB4rSY,2025-07-22T09:00:06Z,"[MV] ê³µì› - ì„œìš¸(escape) | ENG, JPN sub"
wJ9cnMRYKCI,2025-07-25T14:30:46Z,[MV] Kihyun(ê¸°í˜„ (ëª¬ìŠ¤íƒ€ì—‘ìŠ¤)) _ SURF (The Winning Try : Original Television Soundtrack)
hP092xFmmUo,2025-05-12T09:01:06Z,LEECHANGSUB ì´ì°½ì„­ [ê½ƒì´ ë˜ì–´ì¤„ê²Œ] - Special Clip
CuCUKGyco80,2025-03-12T09:00:25Z,[LIVE] LEECHANGSUB(ì´ì°½ì„­) - Coward(ê²ìŸì´)
LMM-SsNBPzk,2025-07-27T13:00:38Z,[COMING SOON] MONSTA X MINI ALBUM 'THE X'
LXyDbMdkYyg,2025-07-18T04:00:07Z,MAX - LOVE INSANE (Feat. JAY of ENHYPEN) [OFFICIAL MUSIC VIDEO]
dOQhdCgz5uM,2025-07-25T11:01:07Z,Leroy Sanchez - HEY MAMA (feat. Gaho) Official Music Video
2wD2rTqMxzk,2025-07-24T09:01:54Z,Even The Stars Don't Shine Like You
HmAtJr0Mhh4,2025-07-27T15:00:03Z,ENHYPEN (ì—”í•˜ì´í”ˆ) 'Shine On Me' Official MV
ekSi00FkIOE,2025-07-12T09:00:56Z,4X4 (í¬ë°”ì´í¬) 'LIGHT' Official MV Teaser
xPjsHkGNZ7U,2025-07-29T09:01:24Z,Drama Queen
oX7AqV__lEY,2025-07-23T15:00:18Z,XngHan&Xoul ìŠ¹í•œì•¤ì†Œìš¸ 'Heavenly Blue' Intro Video
im6Df9xTRno,2025-07-28T15:00:46Z,Smashing Concrete Visualizer
rr4gKSjmh9Q,2025-07-24T09:00:02Z,IDID ì•„ì´ë”§ 'STEP IT UP' Performance Video
GYH-biN2P8U,2025-07-21T15:13:58Z,BoA ë³´ì•„ 'Crazier' Teaser Clip #1
XaPsEZSO_HQ,2025-07-28T09:02:32Z,Typing . . . (with jehwan)
MI43nl84gEg,2025-06-22T08:00:07Z,[4K] ìš©ìš©(YongYong) (with. ì´í™ê¸°(LEE HONG GI) of FTì•„ì¼ëœë“œ) â€œëŒ€ì¶© ì‚¬ë‘í•  ê±¸â€ Band LIVEâ¤ï¸â€ğŸ©¹ [itâ€™s KPOP LIVE ì‡ì¸ ë¼ì´ë¸Œ]
fsMWdnx_wuI,2025-07-29T02:03:19Z,ME ME ME
SD-iazrjQMs,2025-07-03T15:02:01Z,Bon Voyage (LIVE)
S1eUWmTiyUI,2025-07-27T09:00:39Z,"ì´ì°½ì„­ LEECHANGSUB - ê·¸ ìë¦¬ì—, ê·¸ ì‹œê°„ì— That Place, That Time Official M/V"
k66D-Nftjt8,2025-04-18T09:01:06Z,ê¹€í•˜ì˜¨ (HAON) - ê¸ˆëª©ê±¸ì´ (feat. ì–‘í™ì›) [Official Visualizer]
0K920EdpV6M,2025-07-25T20:30:06Z,JVKE x Lay Zhang - easy (official lyric video)
NMKXgYKAYG0,2025-07-29T09:00:06Z,[MV] 'ì§€êµ¬ì†Œë…„' | Dragon Pony (ë“œë˜ê³¤í¬ë‹ˆ) DS [ì§€êµ¬ì†Œë…„]
St8bnQbnwTg,2025-07-30T09:00:39Z,ìˆ€(SHAUN) - ë°¤ì‚°ì±…(Night Walk) [Official M/V]
j0K557F8i4U,2025-07-30T09:04:39Z,Only You
yjNz4epG4nA,2025-07-28T15:03:07Z,C'est La Vie ('SIDE B' Vol.5)
KTdpE45DzBQ,2025-03-13T10:00:33Z,earthquake (Sam Feldt Remix)
nXp46X3AUI4,2025-07-31T04:00:01Z,Live my life so 'ICONIC'
djwfUdAZo04,2025-07-30T15:01:13Z,SAY MY NAME (ì„¸ì´ë§ˆì´ë„¤ì„) 'iLy' MV TEASER 2
44vtGio2o3s,2025-07-31T09:04:52Z,Appetizer (Appetizer)
DyX5Hy91s_M,2025-07-30T11:00:06Z,Hyun woo í˜„ìš° ' å¤¢è‰² ' Official MV
7Ftq4vszznI,2025-04-16T09:00:19Z,ì´ëŒ€íœ˜ (AB6IX) 'ê·¸ëƒ¥ ë‹ˆê°€ ì¢‹ì•„' MV | Official
rZjpVpAt3oI,2025-04-03T09:02:32Z,bullet
ubWZPcaK0sM,2025-07-31T09:00:23Z,ì˜¨ì•¤ì˜¤í”„(ONF) 'ì—¬ë¦„Â ë¹›Â (Summer Light)' Special Clip Teaser
qg3phnuF5bo,2025-07-31T09:01:18Z,RYAN (ë¼ì´ì–¸) - â€˜AROJIN (0123)â€™ M/V
7zQj2vK61Xs,2025-07-28T15:00:23Z,ZOONIZINI 1st MINI ALBUM [DICE] - COMING SOON
RRDuNfNWT28,2025-02-07T09:00:06Z,"ë¸”ë¼ì„¸(BLASÃ‰) - BLASÃ‰OUL(G6) (Ft. ë°•ì¬ë²”, ì¿ ê¸° (Coogie), oygli) (Official Video)"
hRiloShKJsY,2025-07-22T14:59:56Z,ë°•ì¬ë²” (Jay Park) - 'Whenever (Japanese Ver.)' Official Audio
AYJ6G8z9rCM,2025-08-01T09:00:21Z,[ë ˆì¸ë³´ìš°18 Rainbow18] í˜ìŠ¤í‹°ë²Œ Festival official M/V
i5h0x5twPB8,2025-07-11T04:00:06Z,ADÃ‰LA - DeathByDevotion
jDrP5Pb2f_o,2025-08-01T04:00:57Z,jellyous
IzTgsU9hjYw,2024-07-31T03:00:15Z,Awake MV - ìœ ì±„(U_Chae)
bRktSOL4i4E,2025-08-04T09:01:32Z,BOMBA (BOMBA)
1w5sFvynzQU,2025-07-24T05:09:35Z,DENISE - dance with me! (Official Lyric Video)
Q92FDT9SQ90,2025-03-13T00:46:19Z,Paradise ì±„ì€ì • teaser | D-day 6
-_WpIwUb7kQ,2025-05-13T09:02:21Z,Falling Slow
5RlW3iXkonE,2025-08-03T15:00:08Z,aespa ì—ìŠ¤íŒŒ 'Rich Man' INTRO
pGGqA0GvWJY,2025-07-23T03:04:09Z,All I Need
Q6wnGhkFQh8,2025-08-02T09:00:37Z,ë¥˜ìˆ˜ì • (ğ–±ğ—’ğ— ğ–²ğ—ğ—ƒğ–¾ğ—ˆğ—‡ğ—€) - ğ—•ğ—®ğ—± ğ—•ğ˜†ğ—²ğŸ’” ğ–¬ğ–µ
ii7pCbr0dXE,2025-07-26T09:02:07Z,Bloom (Bloom)
QlxC0B3hGX8,2025-08-05T03:00:26Z,[ë‚¨ì£¼ì„œì¹˜ OST] ì›ìœ„ (ONEWE) - Lighthouse
uvGIJUl-N90,2025-07-31T09:01:17Z,"Just 15, Just Teen Top #TEENTOP #í‹´íƒ‘ #CHUNJI #ì²œì§€ #NIEL #ë‹ˆì—˜ #RICKY #ë¦¬í‚¤ #CHANGJO #ì°½ì¡° #JUST15_TEENTOP"
sXDktEtro5A,2025-08-05T03:00:54Z,Cappuccino
YgKq8EyMaTs,2025-03-21T09:03:52Z,You know what
-Mm2Js7eTYQ,2025-02-03T09:03:45Z,Memories of love
qadt7J5MBF0,2025-01-06T09:03:25Z,Don't leave me
dQ6rza9Zuh0,2025-01-21T09:03:11Z,ë“£ê³  ìˆë‹¤ë©´
nRCTy2N_otk,2025-08-04T15:00:05Z,idntt ì•„ì´ë´í‹°í‹° â€˜You Never Metâ€™ MV Teaser
qnu66n_1xEo,2025-03-03T03:04:24Z,"Actually, I miss you so much"
2RudddUtM-k,2025-08-06T03:00:06Z,ì—”íƒ‘(N.TOP)  'Stay With U' MV
bHfhtHpta6g,2025-08-05T14:00:56Z,"[ì²«, ì‚¬ë‘ì„ ìœ„í•˜ì—¬ (Love, Take Two) OST Part 1] ìµœì •ì€ (CHOI JUNG EUN) (izna) - Lover MV"
ptxTqR91i8k,2025-08-06T09:03:58Z,FDTD (From dawn till dusk)
u5wMLWs6LSs,2025-08-06T09:00:30Z,KiiiKiii í‚¤í‚¤ 'DANCING ALONE' MV
b5_mDuDx58M,2025-06-13T09:00:55Z,Spinboutu
ncFqMb_I-g4,2025-08-05T09:04:59Z,Easy Lover (Easy Lover)
CDZV_OYptNQ,2025-08-05T09:00:00Z,BEâ€™O (ë¹„ì˜¤) - 'ICONIC (Feat. ì°½ëª¨ (CHANGMO))' MV
cp0eesd7h_w,2025-08-04T03:03:58Z,Welcome!
Z-IrVhChIqQ,2025-01-30T15:03:12Z,"IF I SAY, I LOVE YOU (Japanese Ver.)"
zq5mr3ePY1I,2025-07-07T08:59:59Z,JEON SOMI(ì „ì†Œë¯¸) - â€˜EXTRAâ€™ M/V
63eW5v4X7AY,2025-08-07T10:01:57Z,Gabriela (Young Miko Remix)
5g0hr6VKFQE,2025-08-08T07:00:07Z,Beomhan 'D.U.M (Dancing Under Moonlight)' Official M/V
MTiD_LreuOs,2025-08-07T09:00:39Z,ì•°í¼ìƒŒë“œì› (AMPERS&ONE) 3rd Mini Album [LOUD & PROUD] Highlight Medley
dat5EoFqZyc,2025-08-07T09:01:06Z,[SUB] ì (SOLE) - 'shy girl' M/V
NwtIN7SSDiQ,2025-08-08T09:00:06Z,ARISE - 'OOBS' M/V
iT4qPQ5g3hE,2025-08-08T09:02:41Z,Just like the first time
Nad5gfs-aoE,2025-08-07T09:00:40Z,SUMMER CAKE (ì¸ë¨¸ì¼€ìµ) - Bake Teaser
Tb6dCJrNkjc,2025-08-07T03:04:51Z,Star of Seoul (ì„œìš¸ì˜ ë³„)
ggBqyUqawK0,2025-07-30T03:00:46Z,[MV] YEONJEONG(ì—°ì •) _ In The Waves(ë¬¼ê²° ì†ì—ì„œ)
eUe2iugtdKw,2025-08-07T09:00:06Z,Queenz Eye  |  1st Mini Album [PRISM EP.01] 'ğ‘­ğ’†ğ’†ğ’ ğ’•ğ’‰ğ’† ğ‘½ğ’Šğ’ƒğ’†' ğ‘´ğ‘½
moBZTmNUkB8,2025-08-08T03:00:06Z,MUU (ë®¤) 'ContiNEW' M/V
_6Zvxj0s7SE,2025-08-08T13:59:24Z,"IVE ì•„ì´ë¸Œ â€˜Secret, Cupidâ€™ Trailer"
pngXLNuXBm4,2025-08-01T09:01:21Z,ìœ ì£¼ (YUJU) - 3rd Mini Album ğ‘°ğ’ ğ‘©ğ’ğ’ğ’ğ’ ALBUM SAMPLER
eLPjnO8TW_M,2025-08-08T15:00:19Z,NCT WISH ì—”ì‹œí‹° ìœ„ì‹œ 'Surf' MV Teaser
busYXvdzAfw,2025-08-07T10:02:10Z,Dreamwalkers
wAWGWlwHi3s,2025-08-08T10:01:47Z,JUNNY 2ND FULL ALBUM [null] CONCEPT FILM
__lPoBFinTo,2025-07-19T03:01:17Z,Because of you
ynoqiBKBhBc,2025-08-10T04:01:21Z,hold still. AUG 15 | 12AM ET #marktuan #holdstill
WXS-o57VJ5w,2025-08-10T14:58:07Z,CORTIS (ì½”ë¥´í‹°ìŠ¤) 'GO!' Official MV
tztQWolzG04,2025-08-08T09:03:10Z,sheâ€™s so outta control
KVoYIOffenk,2025-08-11T15:00:40Z,JUNHEE 'Supernova' Teaser #1
VKw4L8Z0SUI,2025-08-11T09:00:49Z,Being a Good Girl Hurts (Chinese Version)
G1nEmpviph0,2025-08-08T09:00:06Z,ì–´ë¼ì´ë²Œ(ARRIVAL) - 'Break' ã€Official MVã€‘
2BAXPAkLl88,2025-08-10T15:03:11Z,Topping
Pl88TpRRWkI,2025-08-10T15:00:43Z,BoA ãƒœã‚¢ 'Good for U' MV
ZWM6YDl77QA,2025-08-10T09:00:06Z,R.Tee - 'ë‹´ë‹¤ë””(DAMDADI)â€™ (feat. SOYEON(ì†Œì—°) of i-dle) MV
HRPRapEiJmo,2025-06-28T09:03:24Z,New Days
rcj_g0g78RA,2025-08-12T10:01:00Z,[Visualizer] ANODE - Keep It Raw (Feat. MOON SUA of Billlie)
U2558gJwxrk,2025-08-11T09:02:56Z,LOVE HIGH
hRgz0d_mpC4,2025-08-12T02:00:04Z,[ì§„í˜¸] JINHO KiTproject ALBUM [ğ¿ğ‘¢ğ‘£ ğŸ¸ ğ‘€ğ‘¢ğ‘â„]ï½œTrack2. ì—ë¸ë°”ì´ìŠ¤
eXLLC96eyLk,2025-08-12T09:00:19Z,"SECRET NUMBER â€œDonâ€™t Touch"" M/V Teaser 1"
eDUkyGpM5d4,2025-08-13T09:00:57Z,WHAT HAVE WE DONE
EG2hlb6ydWc,2025-06-25T08:00:11Z,[SPECIAL CLIP] SAY MY NAME(ì„¸ì´ë§ˆì´ë„¤ì„) - L.O.V.E (Romantic) (ENG SUB.) | ğŸ˜ˆVillain With A Crush ìˆœì •ë¹ŒëŸ° OST
y4Gxxp_gaRE,2025-04-20T03:04:54Z,Starlight
yZgyH54AD4g,2025-06-26T03:01:07Z,SUNNYKEY - Sweet Hello MV
2pnCM4vbzt0,2025-05-31T03:00:06Z,SUNNYKEY - ë°”ëŒì˜ ëª©ì†Œë¦¬ (Voice of Wishes) Studio Session
aTgzm7a7f78,2025-08-13T09:00:06Z,ARTMS(ì•„ë¥´í…Œë¯¸ìŠ¤) â€™Icarus (Artronic Waves Remix)'
XjxCFww-cU4,2025-07-04T09:00:57Z,Moon Sujin - Tight Rope (feat. WOOSUNG) [Official Music Video]
lGZUsofobgQ,2025-08-12T09:32:20Z,DIVA-X DIVA M/V
lFPPI7yO8PM,2025-08-13T03:04:51Z,DESTINY
WMIaOhC_Jyk,2025-08-03T15:00:58Z,"JOY ì¡°ì´ 'From JOY, with Love' Album Trailer"
SOHkVelqFpc,2025-04-30T09:00:45Z,Flame (Flame)
SPBcMZUEThs,2025-03-12T03:02:30Z,Shadow Dance
1m9gGoRYfIA,2025-08-13T09:00:06Z,ì´ìŠ¹ìœ¤ 'PunKanon' Official MV
6lDzRkm4WJU,2025-07-25T16:14:34Z,The Deep - Birthday (Official Video)
FbcBVInloF0,2025-05-18T03:00:06Z,LuciDreaM (ë£¨ì‹œë“œë¦¼) - FIRE
UjbCWg3JLb4,2025-08-12T09:00:56Z,Kep1er ì¼€í”ŒëŸ¬ l 'BUBBLE GUM' Preview
Oa1vSkAhFgU,2025-06-01T03:04:18Z,Tide of Stars (SE)
xKtiWJtMJ8k,2025-08-14T09:01:20Z,YSSR (YSSR)
1RMuqEI6euE,2025-08-07T10:03:47Z,X-GENE (HESONOO) (XG 1st WORLD TOUR â€œThe first HOWLâ€ Live)
ugtvjIOhpnQ,2025-08-14T09:02:41Z,Keep The Light
Kac6VGN6WO0,2025-08-15T03:00:06Z,Brad - Avalon(Feat. RUMO) (Official Visualizer)
suEyjN0M9_k,2025-07-24T19:05:00Z,"SLANDER, SEVENTEEN, JOSHUA - Love Is Gone (with JOSHUA of SEVENTEEN)"
2gFyNCxgxMA,2025-08-07T09:00:05Z,SUNMI Comeback Trailer : Bass(ad)
ss5mwQjX9Mo,2016-09-02T15:09:18Z,"ë¦¬ì˜¨íŒŒì´ë¸Œ ""í•´ë³€ì˜ì—¬ì¸"" (with íí”¼íŠ¸)"
RsVWT2XBP4M,2025-07-31T15:02:27Z,Summer Was You -Japanese Ver.-
oodPmBnsLmE,2025-07-31T10:04:46Z,The Train
pI8ivNejRHo,2025-08-13T09:00:02Z,ê¶Œì§„ì•„ Kwon Jin Ah 'White Wine' Official MV
mtMZGPQl-iA,2025-08-04T03:03:29Z,nameless love
eSGxZtWpHnE,2025-06-06T03:00:47Z,"ISHA(ì´ìƒ¤), ì´ì†Œ(E.SO) - ""Meow!"" Official MV"
Otrmlx1lGus,2025-08-13T15:00:55Z,í¼í”Œí‚¤ìŠ¤(PURPLE KISS) 'OUR NOW' Logo Motion
TnseWEOBWDs,2025-08-14T09:00:44Z,"MADEIN S - ""BLUE"" PERFORMANCE MV"
JcKRhtBLlww,2025-05-06T03:00:32Z,[MV] ê¹€ë§ˆë¦¬ (KIMMARIE) - â€˜ìƒì¼ì„ ì¶•í•˜í•´! (Birthday Song)â€™
PtEfJFOchnw,2025-08-18T08:59:55Z,FTISLAND - MONOCHROMEã€Teaserã€‘
Dbxfo8YBkYE,2025-08-17T14:59:07Z,BOYNEXTDOOR (ë³´ì´ë„¥ìŠ¤íŠ¸ë„ì–´) 'Count To Love' Official MV
dMtywt7svZU,2025-08-18T15:00:02Z,AB6IX (ì—ì´ë¹„ì‹ìŠ¤) 10TH EP 'UPSIDE DOWN' OFFICIAL PREVIEW
r3yuhtB1H8U,2025-08-18T09:00:57Z,Vince - 'ì°¨ì°¨ì°¨ (CHA CHA CHA) (feat. G-DRAGON)' ANIMATED VISUALIZER
COv0zahhjVQ,2025-06-26T09:00:07Z,ì¬ì“°ë¹„ (JAESSBEE) - â€˜ë‚˜ì˜ ì—¬ë¦„ ì„¤ëª…ì„œâ€™ Official Performance Video
d8U6WJyQufo,2025-04-03T03:00:39Z,[MV] YEONJEONG(ì—°ì •) _ I'll Love The Evening(ì €ë…ì„ ì‚¬ë‘í•˜ê² ì–´)
hB5WXh-uqEY,2025-08-18T09:05:17Z,[TUZI] - BORDERLINE | Official Video
PXbcw31LIQc,2025-08-18T03:01:51Z,FOREVER
qMImzc1F7eM,2025-08-15T09:00:07Z,ì¬ì“°ë¹„ (JAESSBEE) - â€˜SHUT THATâ€™ Official MV
o549FUtEuTY,2025-08-17T09:04:25Z,INNER
4PGX1ZYvzvo,2025-08-18T09:00:07Z,MONSTA X ëª¬ìŠ¤íƒ€ì—‘ìŠ¤ 'Do What I Want' MV
lBlj0VSO49U,2025-03-12T09:00:30Z,ASH ISLAND - ê´œì°®ì•„ (Feat. ZICO) M/V
ANeKI8sKvgg,2025-08-08T14:12:44Z,Ë–âºâ€§ âœ¦ âœ¨ MEXE âœ¨ âœ¦ â€§âºË– #pabllovittar #nmixx
5LFeRUt2qdo,2025-08-18T09:00:12Z,Today is my birthday (ë‚˜ì˜¤ëŠ˜ìƒì¼ì´ë‹¤?)
-BX7DpABCbE,2025-08-18T09:02:36Z,What You Want
gJTMPX28nE4,2025-07-25T21:22:53Z,"ISHA(ì´ìƒ¤) - ""Palm Tree"" Official MV"
bjoG5hSIkNY,2025-05-14T09:04:27Z,Mr. Independent (Feat. Dok2)
t7VnzHhVIEQ,2025-08-02T03:03:52Z,Blue Night (í‘¸ë¥¸ ë°¤ è’¼å¤œ)
dtP_T9MtZGc,2025-08-17T15:01:04Z,ã²ã‚‰ã
Di9dg4sapqw,2025-06-05T09:03:41Z,LIE LIE (FEAT. GIRIBOY)
rSwsQR41qtk,2025-08-19T15:01:33Z,CHANYEOL ì°¬ì—´ 'Happy Accident (Feat. SOLE)' MV Teaser
543Tuz77kuQ,2025-05-07T09:00:21Z,CHANGMO (ì°½ëª¨)  - HOLDUP (Official Music Video)
5mG5Vn9gub0,2025-07-08T09:00:00Z,ì†Œì½”ë„ëª¨ (sokodomo) 'ìˆœì‹ê°„ì— (Feat. Crush)' Official M/V
ysxoSeG0wA4,2025-08-20T09:00:07Z,CHANGMO (ì°½ëª¨) - Fadeout
1Bq4sBl80zw,2025-06-10T09:00:06Z,"ë¡œê¼¬ (Loco) - Matcha High (Official Video) ft. TAICHU, Young Coco"
14jEbOcA6so,2025-08-20T03:00:03Z,DANCING ALONE ('90s Ver.)
qmAMfh_mbBA,2025-08-19T12:07:08Z,DAY6(ë°ì´ì‹ìŠ¤) 4th Full Album ï¼œThe DECADEï¼ Track Preview Film
QdyDEOaIfD0,2025-07-09T09:00:41Z,Big Ocean(ë¹…ì˜¤ì…˜) 'BUCKET HAT' Performance Video
EmLau82WDM8,2024-06-18T10:03:46Z,Wild Heart-JP Ver.-
8t6U15ABwAo,2025-08-21T09:00:11Z,ì„í˜„ì‹ (LIMHYUNSIK) â€˜ë‚˜ì˜ ëŒ€ë‹µ (The Answer)â€™ MV Teaser
qjLFT42CtNM,2025-06-01T10:01:35Z,SAD SONG - From THE FIRST TAKE
4TTI8UR7kTE,2025-08-21T09:00:06Z,8TURN(ì—ì‡í„´) â€˜Electric Heartâ€™ M/V
Cg6Yf2r1lrs,2025-04-09T09:34:37Z,ì—”ì¹´ì´ë¸Œ (NCHIVE) SPECIAL SINGLE [NEVER GIVE UP] : êº¾ì´ì§€ ì•ŠëŠ” ë§ˆìŒ
QBvRd074P4M,2025-08-20T09:00:29Z,In A Minute 'BGM : HOW WE RISE - PLAY' HIGHLIGHT MEDLEY
HCdLEiXoxwg,2025-05-14T13:00:06Z,ã¡ã‚ƒã‚“ã¿ãª - WORK HARD (Official Music Video)
hAVtbM0Yuxg,2025-08-22T04:02:18Z,Myspace
1roZobjQBTw,2025-08-21T03:00:03Z,SAAY - F*cked Up (SOULTRiii Remix Y Ver.) (Official Audio)
0zgJgsbcAN8,2025-08-22T00:00:07Z,"Pabllo Vittar, NMIXX - MEXE (Official Music Video)"
xWldBK4d2Ps,2025-07-29T15:01:46Z,TWICEã€ŒENEMYã€Music Video
IqxBPMfyVhw,2025-08-19T15:00:08Z,"JUN. K(ì¤€ì¼€ì´) ""Dear my muse"" Lyrics Spoiler"
r79RZ7eDRiU,2025-07-08T09:01:08Z,ë¡œê¼¬ (Loco) - work++ (Official Audio)
iJmD5WJnILA,2025-08-23T09:00:57Z,Jealousy | Official Video
Ffu9eSV3INs,2025-08-22T08:00:30Z,WOODZ â€˜AMNESIAâ€™ (Japanese ver.)
FJLYO9n5f9o,2025-08-23T03:00:16Z,JINNYï¼ˆì§„í¬ï¼‰ 'Everglow' OFFICIAL MV
UglIcuR3mYg,2025-08-22T09:00:58Z,KATIE - â€˜Rainâ€™ Official Visualizer
Pn6ey6HOkP4,2024-12-02T16:00:31Z,ADÃ‰LA - SUPERSCAR (Official Music Video)
JTgJRIupqvg,2025-08-24T03:01:42Z,Too Late
1baLiXuhfOU,2025-08-20T17:06:06Z,Cotton Candy
GOvdRCbIZfo,2025-08-22T09:00:32Z,Queenz Eye & LUNAX - Feel the Vibe (LUNAX Remix) - Official Visualizer
N5DlHmV55MI,2025-08-22T03:02:07Z,TAKE MY HAND
ealNSvmfmXE,2025-08-23T09:01:03Z,Devil's Jam MV teaser
YYyZU9_VpqM,2025-08-20T11:01:03Z,"UN1CON / GENKI from 1st EP""GENKI"" [Teaser 1]"
1NY-tAGiW5M,2025-06-02T09:00:07Z,INIï½œ'DOMINANCE' Official MV
-EHyQ99tkTw,2025-01-08T15:02:04Z,Magic Hour
z_uqieM8VGM,2025-03-30T14:58:07Z,LE SSERAFIM (ë¥´ì„¸ë¼í•Œ) 'Come Over' OFFICIAL MV with Android
4_iNyz7r4wE,2025-08-20T09:00:11Z,"L like - Slow Love (ë¡œê¼¬, hoody) [Official Audio]"
KD7Px69GCVY,2025-08-14T01:00:11Z,"JVKE (feat. TAEHYUN of TXT,  KIM CHAEWON of LE SSERAFIM) â€“ butterflies (animated music video)"
UAcq4H6NWs8,2025-02-01T15:00:36Z,Extraordinary day
G2-vdaspcQQ,2025-02-06T09:04:30Z,Cherry Road
GE74OGemUjs,2025-05-15T15:00:06Z,"ìƒˆì†Œë…„ (SE SO NEON) - ë©ì²­ì´ê²¨ìš¸ ""Twit Winter"" [Official Music Video]"
P7vBoGWoReg,2025-08-22T03:59:58Z,"Stray Kids ""CEREMONY"" M/V"
8Ax4IFHN3fE,2025-08-03T09:01:49Z,I want to know
RwJR_72xs1A,2025-08-26T09:00:04Z,ì„ ë¯¸(SUNMI) 'BLUE!' MV
GlmB3TVI9AQ,2025-08-25T09:00:04Z,WENDY (ì›¬ë””) Prologue 'Believe'
C91u5hhA7SU,2025-08-26T09:00:30Z,CMDM(ì”¨ì— ë””ì— ) - 'Step with me' PERFORMANCE VIDEO
vnsLV4H_N7Q,2025-08-27T09:01:25Z,LOVE ME
PPCTzoserWE,2025-08-24T15:00:11Z,"Jang Wooyoung ""I'm into"" Prologue Film : Coffee first."
y0bsn7cycEM,2025-08-26T15:01:47Z,AEONIT(ì´ì˜¤ë‹›) 'Siren' MV TEASER
y4JheXhujA4,2025-08-26T03:03:27Z,READY OR NOT
MODThWkBwxQ,2025-08-26T15:04:04Z,Umbrella (Japanese ver.)
rz46-19BrHc,2025-08-26T15:01:24Z,Good for U - Japanese ver. -
XBDll5HO9Rc,2025-08-27T09:00:09Z,ìˆ˜ì§„ (SOOJIN) 'BADITUDE' MV
15w8A9hET3k,2025-08-26T09:01:26Z,Under The Moonlight (Under The Moonlight)
mcRYSTBhbxY,2025-08-28T04:00:38Z,"GIRLSET ""Commas"" Teaser"
s_V3BET0R6g,2025-08-27T09:01:29Z,ì•„ì´ì‹œì•„(IXIA) 'ê¼­ê¼­ ìˆ¨ì–´ë¼' Part.1  MV
XCXupDc2fTM,2025-08-28T09:00:57Z,GUCKKASTEN(êµ­ì¹´ìŠ¤í…) 3rd ALBUM [AURUM] TEASER
JF3IqLzNbk4,2025-08-27T15:00:01Z,TREASURE - 3rd MINI ALBUM [LOVE PULSE] TRACK SPOILER
zExqitQRRkM,2025-08-28T09:01:37Z,ë‹¤í˜œ(Dahye) â€˜Lemon Cherry Bombâ€™ MV
aZt6AJfdRJY,2025-08-27T15:00:06Z,UNICODE(ãƒ¦ãƒ‹ã‚³ãƒ¼ãƒ‰) - Aing(ã‚¢ã‚¤ãƒ³) Official MV
IuUVDeRAKaI,2025-08-28T09:00:23Z,ì†Œìˆ˜ë¹ˆ (So Soo Bin) - 'ì–¸ì  ê°€ëŠ” ë‹¤ì‹œ ë§ˆì£¼ì¹˜ê²Œ ë˜ëŠ” ê²ƒë“¤' (Someday We Will)
CcJa9dbgv1s,2025-07-08T03:00:11Z,[MV] KAYA(ì¹´ì•¼) - Good Morning
xKT92YmzhJw,2025-08-28T09:00:01Z,Crush (í¬ëŸ¬ì‰¬) - 'UP ALL NITE (Feat. SUMIN)' MV
TI2Tuq8DwMs,2025-08-27T03:02:46Z,MOTIVATION (MOTIVATION)
r5D9msWXSSo,2025-08-29T03:59:45Z,The Rose (ë”ë¡œì¦ˆ) â€“ Trauma | Official Video
umVi_Ql8egY,2025-08-28T15:00:24Z,TASTE OF SUN
w-qEBFDsPZk,2025-08-19T09:01:21Z,ë³µìˆ­ì•„ ì‚¬ì„¸ìš”
v5b-93fgPfM,2025-08-25T03:04:01Z,Dive
NRfcVhPnZww,2025-08-28T03:00:06Z,Olivia Marsh (ì˜¬ë¦¬ë¹„ì•„ ë§ˆì‰¬) - 'Lucky Me (Feat. Wonstein (ì›ìŠˆíƒ€ì¸))' Official MV
zkR3SAMLGno,2024-12-19T13:01:16Z,ë¯¸ì—°(MIYEON) - 'Sky Walking' SPECIAL CLIP
0Ak8ps4-M3I,2025-08-26T03:00:00Z,[MV] KAYA(ì¹´ì•¼) - Lv UP
z3421azlj3I,2025-08-29T09:04:40Z,Unread Message (ë‹µì¥ì„ ë³´ë‚¸ì§€)
5toNHtirpVM,2025-08-29T09:00:16Z,iii 'Forbidden Midnight (Real ver.)' M/V
mWpQiCkWHKI,2025-07-31T09:01:12Z,Silly Silky - silkysmooth 01 (Official Full Audio)
FBr4hA9L90s,2025-08-25T15:00:21Z,NCT WISH ì—”ì‹œí‹° ìœ„ì‹œ 'Baby Blue' MV
rOpTvcSqzJ8,2025-08-31T03:04:22Z,Bounce Man
L_JfzUSgAjQ,2025-08-29T09:02:17Z,dowhatyouwant
gT_oKttpBK0,2025-09-01T09:00:02Z,ATEEZ(ì—ì´í‹°ì¦ˆ) - [JAPAN 2ND FULL ALBUM 'Ashes to Light'] Preview
_WxD-8OIyFA,2025-09-01T04:00:11Z,P1Harmony (í”¼ì›í•˜ëª¨ë‹ˆ) - [EX] CONCEPT PHOTO MAKING FILM
Uf0fT51j82Y,2025-09-01T15:00:15Z,CIX(ì”¨ì•„ì´ì—‘ìŠ¤) - ë‹ˆê°€ ê¶ê¸ˆí•´ M/V Teaser 1
4DQljJXyhRc,2025-02-04T09:01:42Z,A moment with you
yD7ZtNsAeBY,2025-08-31T09:02:55Z,INDUSTRY (Feat. GEMINI) (INDUSTRY (Feat. GEMINI))
mg8o-D3NPS0,2025-09-01T10:22:40Z,ë¬¸ìˆ˜ì§„ (Moon Sujin) - Chills [Official Music Video]
WsKoXIF3jXs,2025-01-10T09:01:39Z,"Be My Shelter, Hold Me Close"
gtC5UgMaRO4,2025-09-02T09:00:53Z,HYOLYN íš¨ë¦° 'ğ‘ºğ‘¯ğ‘¶ğ‘»ğ‘»ğ’€ ' MV
5iQmk9aPvEM,2025-09-02T09:01:34Z,Dangerous
cNOt9xk3eKQ,2025-09-02T10:58:09Z,JUNG DAE HYUN(ì •ëŒ€í˜„) 'í–‰ë¡œ (è¡Œè·¯)' MV (4K) (ENG/CHN/JPN)
BugpSpUYDAo,2025-09-02T09:02:14Z,Could you?
ySBbP3Bj6dE,2025-09-03T09:02:54Z,NO DAY
EyiYrTtUaKY,2025-09-01T09:00:31Z,X:IN (ì—‘ì‹ ) 'RRRUN' MV TEASER
6KksgSzEZvQ,2025-09-01T15:00:00Z,"KickFlip(í‚¥í”Œë¦½) ""ë°˜ì°½ê³  (Band-Aid)"" M/V"
oqOZoDLStE0,2025-09-02T09:02:34Z,Colors (Colors)
UwpfFRuu2lI,2025-07-28T09:00:07Z,ME:I (ãƒŸãƒ¼ã‚¢ã‚¤) âŠ¹ 'THIS IS ME:I' Official MV
1tXU_gVS46w,2025-05-13T09:00:01Z,[MV] 'í•˜ë£¨ë§Œ ë” (One More Day)' | ì •ìŠ¹í™˜ Jung Seung Hwan DS [ë´„ì—]
TohoGFuTtUI,2025-09-03T09:00:43Z,Teardrop
dVOLIfuWbN0,2025-09-03T09:01:36Z,If I Love Again (ë‹¤ì‹œ ì‚¬ë‘í•œë‹¤ë©´)
4PEzOzBwDj8,2025-08-31T09:00:06Z,[MV] FIESTAR(í”¼ì—ìŠ¤íƒ€) - Vista (2025)
nE1uZiiYVzk,2025-09-01T09:02:29Z,Sakura Kaze
cvvLHznnV2E,2025-09-03T15:00:01Z,&TEAM KR 1st Mini Album 'Back to Life'
F6a_UH88Yq8,2025-06-30T09:00:19Z,I Get It Now
Vb230K5-ltQ,2025-08-31T09:03:09Z,Vista (2025) (ä¸­æ–‡ç‰ˆ)
hEXm9ElcqKY,2025-09-05T04:03:03Z,N the Front (H.ONE Remix)
at0_QHrwwis,2025-09-04T14:30:05Z,"DAYOUNG (ë‹¤ì˜) ""body"" Official MV Teaser 1"
KRjA-35kymI,2025-09-05T03:02:46Z,My Name
CVU6I7x4Yzw,2025-09-05T04:00:12Z,Gnarly - (Extended Version) [Official Audio] | KATSEYE
6cqMw7w8Tf8,2025-09-04T15:00:04Z,BADVILLAIN - 'THRILLER' Snippet Video 1
ubyrImrCYzc,2025-09-04T09:01:28Z,HENRY - 'Closer To You' (Official Audio)
r7lW80r8-T4,2025-09-04T09:00:01Z,Coogie - muah Video
NXDbZwXV3ik,2025-01-07T09:03:03Z,One Day
fJsR4YZjQhI,2025-09-05T09:02:56Z,punk anthem
0FmUrK7mh84,2025-09-06T09:00:04Z,ëª¨ëª¨ëœë“œ (MOMOLAND) - RODEO [Teaser]
J8s5-vsT_Dc,2025-08-22T04:00:00Z,CORTIS (ì½”ë¥´í‹°ìŠ¤) 'What You Want (feat. Teezo Touchdown)â€™ Official Visualizer
U806aC4q-3M,2025-09-08T09:02:18Z,Trapped In My Head
FCbQR0O0eEo,2025-09-08T09:04:24Z,S.O.S (S.O.S)
8Zi4GWc2wMI,2025-09-07T15:00:02Z,PLAVE DIGITAL SINGLE â€˜ìˆ¨ë°”ê¼­ì§ˆ (Hide and Seek)â€™ LOGO MOTION #PLAVE #í”Œë ˆì´ë¸Œ #ìˆ¨ë°”ê¼­ì§ˆ #Hide_and_Seek #shorts
1OtNn_3Pejo,2025-09-07T09:00:07Z,ì§€ì…€ (Jiselle) - Baby Blue (Lyric Video)
NLA4KBCENXs,2025-09-07T15:00:01Z,Arcadia | Official Trailer | ì²¸ (CHEN)
8fii-4x4dog,2025-09-06T09:01:49Z,Got Me Good
3xkIgMeb3-g,2025-09-07T09:02:21Z,A to Z
CyAxxgaXQTU,2025-09-08T09:00:18Z,tripleS(ãƒˆãƒªãƒ—ãƒ«ã‚¨ã‚¹) âˆ! â€˜Passwordâ€™ Teaser Himitsu Ver.
WrE8XCMyPGA,2025-09-07T15:00:01Z,ìš°ê¸° (YUQI) 'ì•„í”„ë‹¤' M/V Teaser
tCOdbwbFr2U,2025-09-06T03:01:07Z,ê¹€í˜œë¦¼ (Kim Hyerim) - ì²­ì¶˜ì˜í™” (First Love) M/V
nSRX3qPnKOc,2025-05-30T10:19:00Z,[Live Clip] ì¬í¬ of ë§ˆì¸ë“œìœ  - Laundry
2P7VZogodoE,2025-04-29T09:04:33Z,MAGUTGAN
FN_4m2QqSH0,2025-08-14T09:00:17Z,ë„ê· (DOKYUN) 'ì§‘ ë°–ì€ ìœ„í—˜í•´ (Unbound)' Official M/V
mB8XIXg06WY,2025-08-06T09:15:36Z,ë„ê· (DOKYUN) - betterwithyou (Official Music Video)
t8wWx2-SJWQ,2025-09-07T03:01:04Z,JJ - ê´‘ê¸° Madness (Feat. ì–‘ì •ë§¨) Official M/V
ugxi0U3MwNs,2025-09-07T12:08:02Z,THE 8 Digital Single â€˜Star Crossing Night (feat. GALI)â€™ Concept Short
ks7nppmV-9k,2025-05-07T12:00:03Z,AxMxP (ì—ì´ì— í”¼) - 'SEE YOU LATER' LIVE CLIP
IvqbikKfp6g,2025-09-09T09:00:22Z,VCF (VCF)
NkbjgNh06bQ,2025-09-02T15:00:01Z,ì—ìŠ¤ì¿±ìŠ¤Xë¯¼ê·œ (SEVENTEEN) 1st MINI ALBUM â€˜ğ™ƒğ™”ğ™‹ğ™€ ğ™‘ğ™„ğ˜½ğ™€ğ™â€™ Trailer : JOIN OUR VIBE
22QTKAFmG3I,2025-04-25T09:00:06Z,DOKYUN ë„ê·  'LIGHT ON ME' Official M/V
SgDcevljSYY,2025-08-13T15:00:58Z,JUNHEE 'Supernova' MV
fSkdZ0dfKMs,2025-09-09T15:00:26Z,ì´ì¤€ì˜ (LEE JUN YOUNG) 1st Mini Album [LAST DANCE] Moving Poster #1
JLMndab5UDw,2025-08-29T12:00:07Z,ìš°ë¦¬ë¥¼ ì†Œê°œí• ê²Œ ï¼¼We Are AxMxPï¼
Sw6OSp7yllw,2025-09-09T09:00:04Z,"[SUB] ë‹¤ì´ë‚˜ë¯¹ ë“€ì˜¤(Dynamicduo), TEAM ë³´ìŠ¤(TEAM BOSS) - 'ë³´ìŠ¤' M/V"
h24ZAAzL-ZA,2025-08-30T09:00:04Z,í¬ë™ìƒ· (Crackshot) - 'LOUD! HOT! CRAZY!' Official Lyric video
F1jIHZDEpPQ,2025-02-19T03:00:13Z,í¬ë™ìƒ· (Crackshot) - 'Get Over' Official Lyric Video
lEIqHfmnxpY,2025-07-22T09:29:25Z,D-ONE 4th Single - Die for free
Hsuy_xzPyWQ,2025-09-09T22:00:15Z,"IU 'ë°”ì´, ì¸ë¨¸' Lyric Video"
wfyFh5BJ43M,2025-09-11T03:01:05Z,UNIS(ìœ ë‹ˆìŠ¤) â€˜ã‚‚ã—ã‚‚ã—â™¡ (MoshiMoshiâ™¡)â€™ M/V Teaser
krVAUiEGBlg,2025-09-10T09:01:14Z,ê°€ë¹„ì—”ì œì´ (Gavy NJ) 'Happiness (2025)' Official MV
LUPWh_2PHKg,2025-09-10T09:00:02Z,ë‚˜ë‚˜(NANA)  'GOD' M/V Teaser #1
H0cCZJI3t24,2025-01-07T03:00:18Z,CREZL (í¬ë ˆì¦) â€˜HAKUNA MATATAâ€™ Official M/V
4U3cIzNWw_8,2025-09-06T11:00:07Z,KPOPPED I End Of The Road_Boyz II Men & NVee_KPOPPED_Apple TV+ Original Series Soundtrack
rZJJudRK5Oc,2025-09-07T03:02:46Z,Half of Sunday
bq3g98kB590,2025-09-11T09:04:38Z,"RE: love you, too!"
kp4cHYlRF-A,2025-09-11T08:18:14Z,The Poles - Echo! (talk to me baby) [Official MV]
qq5O33MMSGA,2025-09-12T03:00:56Z,FOOL (ëˆˆë¬¼ë‚˜ê²Œ ê³ ë§ˆì›Œ) (Eng Ver.) (FOOL (ëˆˆë¬¼ë‚˜ê²Œ ê³ ë§ˆì›Œ) [Eng Ver.])
MVZRCjDc89Q,2025-09-10T09:00:38Z,[ Teaser ] ìš°ì˜ˆë¦°(Woo Yerin) - ë§ˆë¥¸ ê½ƒë“¤ì˜ ë…¸ë˜(Ashes of a Burning heart)
NlHD4ndO-z0,2025-08-31T15:00:04Z,Welcome to LIL FANTASY CHAEYOUNG â€œAVOCADO(feat.Gliiico)â€
afaBdMRxN-g,2025-09-12T04:00:01Z,Rich Man (feat. Sevdaliza)
Jv0vAA6rs6o,2025-09-12T04:01:58Z,JOYFUL JOYFUL (with Xdinary Heroes)
